Symbol;Description;Category2;Category3;GICS Sector;Market cap;Dividend yield;Country;Action
MSFT;Microsoft Corp;Common stocks;Large cap;Information Technology;$2,495,877,938,999;0.67%;USA;Analyze
AAPL;Apple Inc;Common stocks;Large cap;Information Technology;$2,426,013,924,390;0.58%;USA;Analyze
GOOG;Alphabet Inc Class C;Common stocks;Large cap;Communication Services;$1,981,599,901,640;0.00%;USA;Analyze
GOOGL;Alphabet Inc Class A;Common stocks;Large cap;Communication Services;$1,981,599,901,640;0.00%;USA;Analyze
AMZN;Amazon.Com Inc.;Common stocks;Large cap;Consumer Discretionary;$1,761,070,110,450;0.00%;USA;Analyze
TSLA;Tesla Inc;Common stocks;Large cap;Consumer Discretionary;$1,068,045,712,751;0.00%;USA;Analyze
FB;Facebook Inc Class A;Common stocks;Large cap;Communication Services;$935,370,001,951;0.00%;USA;Analyze
NVDA;Nvidia Corp;Common stocks;Large cap;Information Technology;$757,318,800,000;0.05%;USA;Analyze
BRK-B;Berkshire Hathaway Inc.;Common stocks;Large cap;Financials;$637,113,274,124;0.00%;USA;Analyze
JPM;JP Morgan Chase & Co;Common stocks;Large cap;Financials;$495,332,144,484;2.19%;USA;Analyze
V;Visa Inc Class A;Common stocks;Large cap;Information Technology;$463,765,680,000;0.63%;USA;Analyze
UNH;Unitedhealth Group Inc;Common stocks;Large cap;Health Care;$430,793,343,238;1.17%;USA;Analyze
JNJ;Johnson & Johnson;Common stocks;Large cap;Health Care;$429,271,261,765;2.52%;USA;Analyze
WMT;Walmart Stores Inc;Common stocks;Large cap;Consumer Staples;$414,091,925,676;1.47%;USA;Analyze
BAC;Bank of America Corp;Common stocks;Large cap;Financials;$388,662,150,680;1.57%;USA;Analyze
HD;Home Depot Inc;Common stocks;Large cap;Consumer Discretionary;$387,981,517,410;1.74%;USA;Analyze
PG;Procter & Gamble;Common stocks;Large cap;Consumer Staples;$354,280,360,702;2.30%;USA;Analyze
MA;Mastercard Inc Class A;Common stocks;Large cap;Information Technology;$345,378,422,848;0.50%;USA;Analyze
ADBE;Adobe Inc;Common stocks;Large cap;Information Technology;$306,406,188,000;0.00%;USA;Analyze
CRM;Salesforce.Com Inc;Common stocks;Large cap;Information Technology;$296,617,420,000;0.00%;USA;Analyze
DIS;Walt Disney;Common stocks;Large cap;Communication Services;$294,574,392,315;0.54%;USA;Analyze
NFLX;Netflix Inc;Common stocks;Large cap;Communication Services;$290,515,561,361;0.00%;USA;Analyze
PFE;Pfizer Inc;Common stocks;Large cap;Health Care;$281,343,621,704;3.07%;USA;Analyze
XOM;Exxon Mobil Corp;Common stocks;Large cap;Energy;$272,260,683,416;5.31%;USA;Analyze
NKE;Nike Inc Class B;Common stocks;Large cap;Consumer Discretionary;$262,114,517,772;0.66%;USA;Analyze
ORCL;Oracle Corp;Common stocks;Large cap;Information Technology;$257,498,353,160;1.27%;USA;Analyze
LLY;Eli Lilly;Common stocks;Large cap;Health Care;$251,229,860,174;0.97%;USA;Analyze
TMO;Thermo Fisher Scientific Inc;Common stocks;Large cap;Health Care;$248,833,485,979;0.16%;USA;Analyze
KO;Coca-Cola;Common stocks;Large cap;Consumer Staples;$245,083,904,191;2.91%;USA;Analyze
CMCSA;Comcast A Corp;Common stocks;Large cap;Communication Services;$244,661,625,432;1.82%;USA;Analyze
ACN;Accenture Plc Class A;Common stocks;Large cap;Information Technology;$240,504,567,168;0.98%;USA;Analyze
CSCO;Cisco Systems Inc;Common stocks;Large cap;Information Technology;$239,392,512,607;2.56%;USA;Analyze
PYPL;Paypal Holdings Inc;Common stocks;Large cap;Information Technology;$237,371,142,649;0.00%;USA;Analyze
AVGO;Broadcom Inc.;Common stocks;Large cap;Information Technology;$228,611,686,355;3.21%;USA;Analyze
COST;Costco Wholesale Corp;Common stocks;Large cap;Consumer Staples;$226,293,319,518;0.60%;USA;Analyze
ABT;Abbott Laboratories;Common stocks;Large cap;Health Care;$225,014,516,805;1.41%;USA;Analyze
PEP;Pepsico Inc;Common stocks;Large cap;Consumer Staples;$224,943,807,297;2.55%;USA;Analyze
CVX;Chevron Corp;Common stocks;Large cap;Energy;$220,064,624,513;4.53%;USA;Analyze
DHR;Danaher Corp;Common stocks;Large cap;Health Care;$217,617,239,381;0.27%;USA;Analyze
VZ;Verizon Communications Inc;Common stocks;Large cap;Communication Services;$217,151,596,345;5.96%;USA;Analyze
MRK;Merck & Co Inc;Common stocks;Large cap;Health Care;$212,229,809,503;3.05%;USA;Analyze
WFC;Wells Fargo;Common stocks;Large cap;Financials;$207,743,307,853;1.18%;USA;Analyze
ABBV;Abbvie Inc;Common stocks;Large cap;Health Care;$206,105,682,297;4.38%;USA;Analyze
INTC;Intel Corporation Corp;Common stocks;Large cap;Information Technology;$205,505,510,000;2.72%;USA;Analyze
MCD;Mcdonalds Corp;Common stocks;Large cap;Consumer Discretionary;$186,930,916,018;2.05%;USA;Analyze
UPS;United Parcel Service Inc Class B;Common stocks;Large cap;Industrials;$184,367,876,000;1.43%;USA;Analyze
QCOM;Qualcomm Inc;Common stocks;Large cap;Information Technology;$184,150,400,000;1.62%;USA;Analyze
T;AT&T Inc.;Common stocks;Large cap;Communication Services;$177,928,800,000;8.19%;USA;Analyze
MS;Morgan Stanley;Common stocks;Large cap;Financials;$177,431,454,012;2.11%;USA;Analyze
AMD;Advanced Micro Devices Inc;Common stocks;Large cap;Information Technology;$176,323,202,535;0.00%;USA;Analyze
TXN;Texas Instrument Inc;Common stocks;Large cap;Information Technology;$174,177,012,464;2.21%;USA;Analyze
NEE;Nextera Energy Inc;Common stocks;Large cap;Utilities;$167,245,801,802;1.75%;USA;Analyze
INTU;Intuit Inc;Common stocks;Large cap;Information Technology;$166,309,684,295;0.40%;USA;Analyze
LOW;Lowes Companies Inc;Common stocks;Large cap;Consumer Discretionary;$160,865,962,541;1.20%;USA;Analyze
MDT;Medtronic Plc;Common stocks;Large cap;Health Care;$160,704,061,844;2.01%;USA;Analyze
UNP;Union Pacific Corp;Common stocks;Large cap;Industrials;$154,650,178,392;1.68%;USA;Analyze
SCHW;Charles Schwab Corporation;Common stocks;Large cap;Financials;$152,957,106,790;0.88%;USA;Analyze
HON;Honeywell International Inc;Common stocks;Large cap;Industrials;$152,148,361,705;1.28%;USA;Analyze
TMUS;T Mobile US Inc;Common stocks;Large cap;Communication Services;$147,975,371,581;0.00%;USA;Analyze
PM;Philip Morris International Inc;Common stocks;Large cap;Consumer Staples;$147,898,629,600;5.01%;USA;Analyze
BLK;Blackrock Inc;Common stocks;Large cap;Financials;$146,691,226,111;1.65%;USA;Analyze
AXP;American Express;Common stocks;Large cap;Financials;$144,030,716,679;0.95%;USA;Analyze
C;Citigroup Inc;Common stocks;Large cap;Financials;$139,584,695,553;2.93%;USA;Analyze
AMAT;Applied Material Inc;Common stocks;Large cap;Information Technology;$138,960,696,150;0.60%;USA;Analyze
NOW;Servicenow Inc;Common stocks;Large cap;Information Technology;$135,170,750,000;0.00%;USA;Analyze
GS;Goldman Sachs Group Inc;Common stocks;Large cap;Financials;$134,700,607,573;1.42%;USA;Analyze
RTX;Raytheon Technologies Corporation;Common stocks;Large cap;Industrials;$133,288,057,925;1.67%;USA;Analyze
SBUX;Starbucks Corp;Common stocks;Large cap;Consumer Discretionary;$131,398,904,000;1.64%;USA;Analyze
BMY;Bristol Myers Squibb;Common stocks;Large cap;Health Care;$131,380,783,703;3.27%;USA;Analyze
BA;Boeing;Common stocks;Large cap;Industrials;$128,929,455,761;0.00%;USA;Analyze
ISRG;Intuitive Surgical Inc;Common stocks;Large cap;Health Care;$125,315,118,470;0.00%;USA;Analyze
TGT;Target Corp;Common stocks;Large cap;Consumer Discretionary;$124,942,877,959;1.14%;USA;Analyze
EL;Estee Lauder Inc Class A;Common stocks;Large cap;Consumer Staples;$124,541,069,625;0.61%;USA;Analyze
CHTR;Charter Communications Inc Class A;Common stocks;Large cap;Communication Services;$124,465,655,787;0.00%;USA;Analyze
CVS;CVS Health Corp;Common stocks;Large cap;Health Care;$124,362,726,076;2.10%;USA;Analyze
AMT;American Tower Corporation;REITs;Large cap;Real Estate;$124,091,124,159;1.83%;USA;Analyze
AMGN;Amgen Inc;Common stocks;Large cap;Health Care;$119,164,534,227;3.22%;USA;Analyze
GE;General Electric;Common stocks;Large cap;Industrials;$117,500,672,696;0.30%;USA;Analyze
CAT;Caterpillar Inc;Common stocks;Large cap;Industrials;$112,802,551,848;2.04%;USA;Analyze
TEAM;Atlassian Plc Class A;Common stocks;Large cap;Information Technology;$110,424,603,028;0.00%;United Kingdom;Analyze
DE;Deere & Company;Common stocks;Large cap;Industrials;$110,384,986,783;1.01%;USA;Analyze
PLD;Prologis, Inc;REITs;Large cap;Real Estate;$110,093,183,570;1.65%;USA;Analyze
SPGI;S&P Global Inc;Common stocks;Large cap;Financials;$108,816,320,000;0.66%;USA;Analyze
IBM;International Business Machines Co;Common stocks;Large cap;Information Technology;$107,800,415,180;5.35%;USA;Analyze
SNOW;Snowflake Inc. Class A;Common stocks;Large cap;Information Technology;$104,978,253,946;0.00%;USA;Analyze
ANTM;Anthem Inc;Common stocks;Large cap;Health Care;$104,529,929,513;1.00%;USA;Analyze
MMM;3M;Common stocks;Large cap;Industrials;$104,276,399,573;3.24%;USA;Analyze
ZTS;Zoetis Inc;Common stocks;Large cap;Health Care;$102,048,508,547;0.46%;USA;Analyze
BKNG;Booking Holdings Inc;Common stocks;Large cap;Consumer Discretionary;$101,798,021,854;0.00%;USA;Analyze
SYK;Stryker Corp;Common stocks;Large cap;Health Care;$99,334,699,970;0.95%;USA;Analyze
BX;Blackstone Group Inc. Class A;Common stocks;Large cap;Financials;$97,068,724,613;2.50%;USA;Analyze
ADP;Automatic Data Processing Inc;Common stocks;Large cap;Information Technology;$96,307,322,799;1.62%;USA;Analyze
SQ;Square Inc Class A;Common stocks;Large cap;Information Technology;$96,266,750,000;0.00%;USA;Analyze
COP;ConocoPhillips;Common stocks;Large cap;Energy;$95,148,826,985;2.40%;USA;Analyze
LMT;Lockheed Martin Corp;Common stocks;Large cap;Industrials;$92,633,907,332;3.06%;USA;Analyze
MRNA;Moderna, Inc.;Common stocks;Large cap;Health Care;$91,558,612,187;0.00%;USA;Analyze
USB;US Bancorp;Common stocks;Large cap;Financials;$90,124,442,930;2.80%;USA;Analyze
GM;General Motors;Common stocks;Large cap;Consumer Discretionary;$89,754,003,375;0.00%;USA;Analyze
MDLZ;Mondelez International Inc;Common stocks;Large cap;Consumer Staples;$87,143,909,086;2.06%;USA;Analyze
PNC;PNC Financial Services Group, Inc.;Common stocks;Large cap;Financials;$86,894,949,919;2.31%;USA;Analyze
LRCX;Lam Research Corp;Common stocks;Large cap;Information Technology;$86,408,160,349;0.88%;USA;Analyze
SHW;Sherwin Williams;Common stocks;Large cap;Materials;$85,475,959,896;0.51%;USA;Analyze
TFC;Truist Financial Corporation;Common stocks;Large cap;Financials;$84,685,518,409;2.90%;USA;Analyze
GILD;Gilead Sciences Inc;Common stocks;Large cap;Health Care;$84,583,080,888;4.10%;USA;Analyze
MU;Micron Technology Inc;Common stocks;Large cap;Information Technology;$83,393,399,668;0.13%;USA;Analyze
MMC;Marsh & McLennan Inc;Common stocks;Large cap;Financials;$83,267,343,926;1.21%;USA;Analyze
CB;Chubb Ltd;Common stocks;Large cap;Financials;$83,176,141,168;1.63%;USA;Analyze
MO;Altria Group Inc;Common stocks;Large cap;Consumer Staples;$82,480,798,108;7.55%;USA;Analyze
TJX;TJX Companies, Inc.;Common stocks;Large cap;Consumer Discretionary;$82,037,224,019;1.52%;USA;Analyze
UBER;Uber Technologies, Inc.;Common stocks;Large cap;Industrials;$80,540,013,541;0.00%;USA;Analyze
CME;CME Group Inc Class A;Common stocks;Large cap;Financials;$79,969,241,564;1.58%;USA;Analyze
CSX;CSX Corp;Common stocks;Large cap;Industrials;$79,177,896,359;1.04%;USA;Analyze
CCI;Crown Castle International Corp.;REITs;Large cap;Real Estate;$78,081,838,784;2.91%;USA;Analyze
DUK;Duke Energy Corp;Common stocks;Large cap;Utilities;$77,126,094,200;3.84%;USA;Analyze
F;Ford Motor Company;Common stocks;Large cap;Consumer Discretionary;$76,741,363,298;0.00%;USA;Analyze
HCA;HCA Healthcare, Inc.;Common stocks;Large cap;Health Care;$75,886,452,972;0.59%;USA;Analyze
ICE;Intercontinental Exchange Inc;Common stocks;Large cap;Financials;$75,496,181,024;0.96%;USA;Analyze
ITW;Illinois Tool Inc;Common stocks;Large cap;Industrials;$73,366,480,662;1.97%;USA;Analyze
FIS;Fidelity National Information Services;Common stocks;Large cap;Information Technology;$72,713,186,395;1.27%;USA;Analyze
DASH;DoorDash Inc;Common stocks;Large cap;Consumer Discretionary;$72,242,237,200;0.00%;USA;Analyze
CI;Cigna Corp;Common stocks;Large cap;Health Care;$72,151,826,618;1.38%;USA;Analyze
MCO;Moodys Corp;Common stocks;Large cap;Financials;$71,655,155,000;0.63%;USA;Analyze
ADSK;Autodesk Inc;Common stocks;Large cap;Information Technology;$71,497,561,918;0.00%;USA;Analyze
EW;Edwards Lifesciences Corp;Common stocks;Large cap;Health Care;$71,367,676,238;0.00%;USA;Analyze
ZM;Zoom Video Communications, Inc. - Class A;Common stocks;Large cap;Information Technology;$70,815,335,181;0.00%;USA;Analyze
BDX;Becton Dickinson;Common stocks;Large cap;Health Care;$70,361,594,100;1.35%;USA;Analyze
NSC;Norfolk Southern Corp;Common stocks;Large cap;Industrials;$70,076,999,143;1.50%;USA;Analyze
EQIX;Equinix, Inc.;REITs;Large cap;Real Estate;$69,752,216,404;1.45%;USA;Analyze
APD;Air Products And Chemicals Inc;Common stocks;Large cap;Materials;$68,738,154,223;1.87%;USA;Analyze
ETN;Eaton Corporation, PLC;Common stocks;Large cap;Industrials;$67,730,112,000;1.78%;USA;Analyze
WM;Waste Management Inc;Common stocks;Large cap;Industrials;$67,449,329,403;1.40%;USA;Analyze
ADI;Analog Devices Inc;Common stocks;Large cap;Information Technology;$67,420,045,837;1.46%;USA;Analyze
COF;Capital One Financial Corp;Common stocks;Large cap;Financials;$66,886,506,415;0.89%;USA;Analyze
SO;Southern Co;Common stocks;Large cap;Utilities;$66,820,637,850;4.06%;USA;Analyze
FDX;FedEx Corporation;Common stocks;Large cap;Industrials;$66,675,507,555;1.11%;USA;Analyze
ECL;Ecolab Inc;Common stocks;Large cap;Materials;$66,618,301,858;0.82%;USA;Analyze
REGN;Regeneron Pharmaceuticals Inc;Common stocks;Large cap;Health Care;$66,248,214,740;0.00%;USA;Analyze
FISV;Fiserv Inc;Common stocks;Large cap;Information Technology;$65,970,374,246;0.00%;USA;Analyze
AON;Aon Plc;Common stocks;Large cap;Financials;$65,936,675,820;0.66%;USA;Analyze
CL;Colgate-Palmolive;Common stocks;Large cap;Consumer Staples;$65,733,769,411;2.28%;USA;Analyze
KLAC;KLA-Tencor Corporation;Common stocks;Large cap;Information Technology;$62,588,113,490;0.90%;USA;Analyze
DXCM;Dexcom Inc;Common stocks;Large cap;Health Care;$61,777,135,251;0.00%;USA;Analyze
D;Dominion Energy Inc;Common stocks;Large cap;Utilities;$60,693,143,413;3.32%;USA;Analyze
MRVL;Marvell Technology Group Ltd;Common stocks;Large cap;Information Technology;$60,465,995,680;0.16%;USA;Analyze
NET;Cloudflare, Inc. Class A;Common stocks;Large cap;Information Technology;$60,310,698,000;0.00%;USA;Analyze
ILMN;Illumina Inc;Common stocks;Large cap;Health Care;$60,200,508,000;0.00%;USA;Analyze
FCX;Freeport-McMoRan, Inc.;Common stocks;Large cap;Materials;$60,060,566,804;0.55%;USA;Analyze
BSX;Boston Scientific Corp;Common stocks;Large cap;Health Care;$59,792,684,335;0.00%;USA;Analyze
NXPI;NXP Semiconductors Nv;Common stocks;Large cap;Information Technology;$58,265,974,856;0.94%;The Netherlands;Analyze
EMR;Emerson Electric;Common stocks;Large cap;Industrials;$58,159,962,000;2.07%;USA;Analyze
CRWD;CrowdStrike Holdings, Inc. - Class A;Common stocks;Large cap;Information Technology;$57,823,022,964;0.00%;USA;Analyze
PSA;Public Storage;REITs;Large cap;Real Estate;$57,695,157,331;2.41%;USA;Analyze
HUM;Humana Inc;Common stocks;Large cap;Health Care;$57,390,560,932;0.61%;USA;Analyze
NOC;Northrop Grumman Corp;Common stocks;Large cap;Industrials;$57,064,039,221;1.67%;USA;Analyze
LULU;Lululemon Athletica Inc;Common stocks;Large cap;Consumer Discretionary;$56,448,569,637;0.00%;USA;Analyze
WDAY;Workday Inc;Common stocks;Large cap;Information Technology;$56,390,840,000;0.00%;USA;Analyze
PGR;Progressive Corp;Common stocks;Large cap;Financials;$56,084,200,435;5.10%;USA;Analyze
GD;General Dynamics Corp;Common stocks;Large cap;Industrials;$55,590,473,225;2.32%;USA;Analyze
EOG;EOG Resources Inc;Common stocks;Large cap;Energy;$55,536,740,997;1.69%;USA;Analyze
FTNT;Fortinet Inc;Common stocks;Large cap;Information Technology;$55,079,809,255;0.00%;USA;Analyze
SPG;Simon Property Group, Inc;REITs;Large cap;Real Estate;$54,365,430,807;3.27%;USA;Analyze
JCI;Johnson Controls International Plc;Common stocks;Large cap;Industrials;$54,257,242,908;1.40%;USA;Analyze
ALGN;Align Technology Inc;Common stocks;Large cap;Health Care;$54,086,108,558;0.00%;USA;Analyze
MET;Metlife Inc;Common stocks;Large cap;Financials;$53,523,023,081;2.95%;USA;Analyze
EXC;Exelon Corp;Common stocks;Large cap;Utilities;$53,487,446,502;2.76%;USA;Analyze
MSCI;MSCI Inc;Common stocks;Large cap;Financials;$52,872,253,221;0.57%;USA;Analyze
ATVI;Activision Blizzard Inc;Common stocks;Large cap;Communication Services;$52,574,979,420;0.70%;USA;Analyze
IDXX;Idexx Laboratories Inc;Common stocks;Large cap;Health Care;$52,152,308,600;0.00%;USA;Analyze
U;Unity Software Inc.;Common stocks;Large cap;Information Technology;$52,091,109,121;0.00%;USA;Analyze
INFO;IHS Markit Ltd;Common stocks;Large cap;Industrials;$52,089,123,144;0.65%;USA;Analyze
SNPS;Synopsys Inc;Common stocks;Large cap;Information Technology;$51,905,837,351;0.00%;USA;Analyze
XLNX;Xilinx Inc;Common stocks;Large cap;Information Technology;$51,752,473,044;0.18%;USA;Analyze
DG;Dollar General Corp;Common stocks;Large cap;Consumer Discretionary;$51,626,885,039;0.73%;USA;Analyze
CMG;Chipotle Mexican Grill Inc;Common stocks;Large cap;Consumer Discretionary;$51,093,897,296;0.00%;USA;Analyze
MAR;Marriott International Inc;Common stocks;Large cap;Consumer Discretionary;$51,089,907,897;0.00%;USA;Analyze
ROP;Roper Technologies Inc;Common stocks;Large cap;Industrials;$50,533,865,383;0.47%;USA;Analyze
KDP;Keurig Dr Pepper Inc.;Common stocks;Large cap;Consumer Staples;$50,507,791,978;1.88%;USA;Analyze
TWLO;Twilio Inc Class A;Common stocks;Large cap;Information Technology;$50,197,685,780;0.00%;USA;Analyze
DOCU;Docusign Inc.;Common stocks;Large cap;Information Technology;$50,074,645,047;0.00%;USA;Analyze
SPOT;Spotify Technology SA;Common stocks;Large cap;Communication Services;$50,073,650,000;0.00%;Luxembourg;Analyze
PANW;Palo Alto Networks Inc;Common stocks;Large cap;Information Technology;$49,782,158,896;0.00%;USA;Analyze
BK;Bank Of New York Mellon Corp;Common stocks;Large cap;Financials;$49,541,005,569;2.15%;USA;Analyze
APH;Amphenol Corp;Common stocks;Large cap;Information Technology;$49,528,660,905;0.52%;USA;Analyze
CDNS;Cadence Design Systems Inc;Common stocks;Large cap;Information technology;$49,117,699,430;0.00%;USA;Analyze
DDOG;Datadog, Inc. - Class A;Common stocks;Large cap;Information Technology;$48,954,864,798;0.00%;USA;Analyze
AIG;American International Group Inc;Common stocks;Large cap;Financials;$48,871,317,207;2.15%;USA;Analyze
MNST;Monster Beverage Corp;Common stocks;Large cap;Consumer Staples;$48,823,666,141;0.00%;USA;Analyze
IQV;IQVIA Holdings, Inc.;Common stocks;Large cap;Health Care;$48,397,444,079;0.00%;USA;Analyze
TROW;T Rowe Price Group Inc;Common stocks;Large cap;Financials;$48,112,520,210;1.90%;USA;Analyze
A;Agilent Technologies Inc;Common stocks;Large cap;Health Care;$48,069,332,452;0.49%;USA;Analyze
SCCO;Southern Copper Corp;Common stocks;Large cap;Materials;$47,722,306,735;5.09%;Peru;Analyze
ZS;Zscaler Inc;Common stocks;Large cap;Information Technology;$47,672,457,791;0.00%;USA;Analyze
EBAY;Ebay Inc;Common stocks;Large cap;Consumer Discretionary;$47,649,090,507;0.95%;USA;Analyze
VRTX;Vertex Pharmaceuticals Inc;Common stocks;Large cap;Health Care;$47,257,807,716;0.00%;USA;Analyze
CARR;Carrier Global Corporation;Common stocks;Large cap;Industrials;$47,228,878,794;0.88%;USA;Analyze
NEM;Newmont Corporation;Common stocks;Large cap;Materials;$46,929,067,640;3.44%;USA;Analyze
MCHP;Microchip Technology Inc;Common stocks;Large cap;Information Technology;$46,331,704,452;0.48%;USA;Analyze
SLB;Schlumberger Nv;Common stocks;Large cap;Energy;$45,978,296,169;1.52%;USA;Analyze
APTV;Aptiv Plc;Common stocks;Large cap;Consumer Discretionary;$45,719,594,801;0.00%;Ireland;Analyze
KKR;KKR & Co Inc.;Common stocks;Large cap;Financials;$45,689,220,707;0.54%;USA;Analyze
KHC;Kraft Heinz;Common stocks;Large cap;Consumer Staples;$45,677,748,161;4.23%;USA;Analyze
KMB;Kimberly Clark Corp;Common stocks;Large cap;Consumer Staples;$45,126,775,082;3.31%;USA;Analyze
CTAS;Cintas Corp;Common stocks;Large cap;Industrials;$44,877,874,740;0.56%;USA;Analyze
TT;Trane Technologies plc;Common stocks;Large cap;Industrials;$44,816,705,383;1.21%;USA;Analyze
PXD;Pioneer Natural Resource;Common stocks;Large cap;Energy;$44,676,467,283;1.72%;USA;Analyze
PAYX;Paychex Inc;Common stocks;Large cap;Information Technology;$44,496,896,946;2.09%;USA;Analyze
DOW;Dow Inc.;Common stocks;Large cap;Materials;$44,140,188,108;4.62%;USA;Analyze
CNC;Centene Corp;Common stocks;Large cap;Health Care;$43,931,935,750;0.00%;USA;Analyze
DLR;Digital Realty Trust, Inc;REITs;Large cap;Real Estate;$43,609,618,364;2.96%;USA;Analyze
SIVB;SVB Financial Group;Common stocks;Large cap;Financials;$43,544,284,242;0.00%;USA;Analyze
ORLY;Oreilly Automotive Inc;Common stocks;Large cap;Consumer Discretionary;$43,465,129,476;0.00%;USA;Analyze
VEEV;Veeva Systems Inc Class A;Common stocks;Large cap;Health Care;$43,390,768,656;0.00%;USA;Analyze
WBA;Walgreen Boots Alliance Inc;Common stocks;Large cap;Consumer Staples;$43,228,681,159;3.71%;USA;Analyze
LHX;L3Harris Technologies, Inc.;Common stocks;Large cap;Industrials;$42,969,453,202;1.77%;USA;Analyze
PLTR;Palantir Technologies Inc.;Common stocks;Large cap;Information Technology;$42,899,341,379;0.00%;USA;Analyze
CTSH;Cognizant Technology Solutions;Common stocks;Large cap;Information Technology;$42,582,158,075;1.15%;USA;Analyze
MTCH;Match Group Inc;Common stocks;Large cap;Communication Services;$42,392,025,472;1.34%;USA;Analyze
RSG;Republic Services Inc;Common stocks;Large cap;Industrials;$42,367,035,560;1.29%;USA;Analyze
DD;DuPont de Nemours, Inc.;Common stocks;Large cap;Materials;$42,357,130,918;1.47%;USA;Analyze
STZ;Constellation Brands Class A;Common stocks;Large cap;Consumer Staples;$42,125,107,406;1.34%;USA;Analyze
PH;Parker-Hannifin Corp;Common stocks;Large cap;Industrials;$42,011,538,136;1.21%;USA;Analyze
MSI;Motorola Solutions Inc;Common stocks;Large cap;Information Technology;$41,859,553,426;1.14%;USA;Analyze
PRU;Prudential Financial Inc;Common stocks;Large cap;Financials;$41,682,060,000;4.06%;USA;Analyze
AEP;American Electric Power Inc;Common stocks;Large cap;Utilities;$41,606,665,037;3.58%;USA;Analyze
TWTR;Twitter Inc;Common stocks;Large cap;Communication Services;$41,563,720,991;0.00%;USA;Analyze
ROST;Ross Stores Inc;Common stocks;Large cap;Consumer Discretionary;$41,034,107,517;0.74%;USA;Analyze
EA;Electronic Arts Inc;Common stocks;Large cap;Communication Services;$40,851,636,256;0.47%;USA;Analyze
DELL;Dell Technologies Inc. Class C;Common stocks;Large cap;Information Technology;$40,681,560,000;0.00%;USA;Analyze
MPC;Marathon Petroleum Corp;Common stocks;Large cap;Energy;$40,628,786,946;3.47%;USA;Analyze
ODFL;Old Dominion Freight Line Inc;Common stocks;Large cap;Industrials;$40,181,453,162;0.21%;USA;Analyze
ANET;Arista Networks Inc;Common stocks;Large cap;Information Technology;$40,055,182,862;0.00%;USA;Analyze
HLT;Hilton Worldwide Holdings Inc;Common stocks;Large cap;Consumer Discretionary;$40,018,859,102;0.00%;USA;Analyze
TTD;Trade Desk Inc Class A;Common stocks;Large cap;Information Technology;$39,922,840,378;0.00%;USA;Analyze
SYY;Sysco Corp;Common stocks;Large cap;Consumer Staples;$39,766,752,527;2.35%;USA;Analyze
BAX;Baxter International Inc;Common stocks;Large cap;Health Care;$39,634,892,790;1.32%;USA;Analyze
AZO;Autozone Inc;Common stocks;Large cap;Consumer Discretionary;$39,564,237,818;0.00%;USA;Analyze
BIIB;Biogen Inc;Common stocks;Large cap;Health Care;$39,157,190,238;0.00%;USA;Analyze
SRE;Sempra Energy;Common stocks;Large cap;Utilities;$38,830,325,050;4.45%;USA;Analyze
TRV;Travelers Companies Inc;Common stocks;Large cap;Financials;$38,827,551,069;2.17%;USA;Analyze
HUBS;Hubspot Inc;Common stocks;Large cap;Information Technology;$38,689,633,161;0.00%;USA;Analyze
IFF;International Flavors & Fragrances;Common stocks;Large cap;Materials;$38,245,685,849;2.05%;USA;Analyze
ROK;Rockwell Automation Inc;Common stocks;Large cap;Industrials;$38,234,588,209;1.29%;USA;Analyze
GIS;General Mills Inc;Common stocks;Large cap;Consumer Staples;$38,098,055,231;3.22%;USA;Analyze
KMI;Kinder Morgan Inc;Common stocks;Large cap;Energy;$38,054,884,182;6.24%;USA;Analyze
EPAM;Epam Systems Inc;Common stocks;Large cap;Information Technology;$37,897,173,346;0.00%;USA;Analyze
PPG;PPG Industries Inc;Common stocks;Large cap;Materials;$37,867,810,062;1.41%;USA;Analyze
FRC;First Republic Bank;Common stocks;Large cap;Financials;$37,859,489,100;0.39%;USA;Analyze
OKTA;Okta Inc Class A;Common stocks;Large cap;Information Technology;$37,720,168,528;0.00%;USA;Analyze
SBAC;SBA Communications Corporation;REITs;Large cap;Real Estate;$37,569,165,294;0.64%;USA;Analyze
GPN;Global Payments Inc;Common stocks;Large cap;Information Technology;$37,333,729,299;0.65%;USA;Analyze
AFL;Aflac Inc;Common stocks;Large cap;Financials;$37,263,884,576;2.24%;USA;Analyze
HSY;Hershey Foods;Common stocks;Large cap;Consumer Staples;$37,122,125,700;1.84%;USA;Analyze
WELL;Welltower Inc;REITs;Large cap;Real Estate;$37,098,448,021;2.13%;USA;Analyze
ADM;Archer-Daniels-Midland Company;Common stocks;Large cap;Consumer Staples;$37,001,444,936;2.20%;USA;Analyze
RMD;Resmed Inc;Common stocks;Large cap;Health Care;$36,911,671,869;0.64%;USA;Analyze
HPQ;HP Inc;Common stocks;Large cap;Information Technology;$36,523,318,807;2.43%;USA;Analyze
YUM;Yum Brands Inc;Common stocks;Large cap;Consumer Discretionary;$36,471,620,675;1.57%;USA;Analyze
MDB;MongoDB, Inc. Class A;Common stocks;Large cap;Information Technology;$36,310,600,457;0.00%;USA;Analyze
TDG;Transdigm Group Inc;Common stocks;Large cap;Industrials;$36,165,329,003;0.00%;USA;Analyze
CPRT;Copart Inc;Common stocks;Large cap;Industrials;$36,089,910,468;0.00%;USA;Analyze
OTIS;Otis Worldwide Corporation;Common stocks;Large cap;Industrials;$35,425,731,681;0.81%;USA;Analyze
CBRE;CBRE Group Inc;Common stocks;Large cap;Real Estate;$35,263,742,300;0.00%;USA;Analyze
WMB;Williams Inc;Common stocks;Large cap;Energy;$35,102,210,893;5.51%;USA;Analyze
MTD;Mettler Toledo Inc;Common stocks;Large cap;Health Care;$34,966,697,812;0.00%;USA;Analyze
CTVA;Corteva, Inc.;Common stocks;Large cap;Materials;$34,761,670,210;1.13%;USA;Analyze
DFS;Discover Financial Services;Common stocks;Large cap;Financials;$34,729,476,849;1.16%;USA;Analyze
DHI;D R Horton Inc;Common stocks;Large cap;Consumer Discretionary;$34,514,607,542;0.83%;USA;Analyze
ROKU;Roku Class A;Common stocks;Large cap;Communication Services;$34,498,596,059;0.00%;USA;Analyze
NDAQ;Nasdaq Inc;Common stocks;Large cap;Financials;$34,481,177,431;0.99%;USA;Analyze
VRSK;Verisk Analytics Inc;Common stocks;Large cap;Industrials;$34,325,761,261;0.53%;USA;Analyze
AMP;Ameriprise Finance Inc;Common stocks;Large cap;Financials;$34,250,591,882;1.44%;USA;Analyze
KEYS;Keysight Technologies Inc;Common stocks;Large cap;Information Technology;$34,216,220,910;0.00%;USA;Analyze
XEL;Xcel Energy Inc;Common stocks;Large cap;Utilities;$34,205,898,695;2.81%;USA;Analyze
PSX;Phillips 66;Common stocks;Large cap;Energy;$34,114,868,259;4.54%;USA;Analyze
FAST;Fastenal;Common stocks;Large cap;Industrials;$34,107,186,892;1.87%;USA;Analyze
MCK;Mckesson Corp;Common stocks;Large cap;Health Care;$34,026,747,515;0.77%;USA;Analyze
BILL;Bill.com Holdings, Inc.;Common stocks;Large cap;Information Technology;$33,883,746,775;0.00%;USA;Analyze
BF-B;Brown Forman Inc Class B;Common stocks;Large cap;Consumer Staples;$33,857,255,168;0.98%;USA;Analyze
BF-A;Brown Forman Inc Class A;Common stocks;Large cap;Consumer Staples;$33,857,255,168;1.07%;USA;Analyze
STT;State Street Corp;Common stocks;Large cap;Financials;$33,828,186,667;2.14%;USA;Analyze
CMI;Cummins Inc;Common stocks;Large cap;Industrials;$33,798,425,682;2.31%;USA;Analyze
ENPH;Enphase Energy Inc;Common stocks;Large cap;Information Technology;$33,794,219,100;0.00%;USA;Analyze
AJG;Arthur J Gallagher;Common stocks;Large cap;Financials;$33,724,130,600;1.16%;USA;Analyze
AVB;AvalonBay Communities, Inc;REITs;Large cap;Real Estate;$33,680,357,020;2.61%;USA;Analyze
ANSS;Ansys Inc;Common stocks;Large cap;Information Technology;$33,628,159,460;0.00%;USA;Analyze
EFX;Equifax Inc;Common stocks;Large cap;Industrials;$33,627,278,682;0.56%;USA;Analyze
NUE;Nucor Corp;Common stocks;Large cap;Materials;$33,296,149,320;1.42%;USA;Analyze
LSXMA;Liberty Media Liberty Siriusxm Series A;Common stocks;Large cap;Communication Services;$33,232,985,400;0.08%;USA;Analyze
LSXMK;Liberty Media Liberty Siriusxm Series C;Common stocks;Large cap;Communication Services;$33,232,985,400;0.08%;USA;Analyze
FWONK;Liberty Media Formula One Corp Series C;Common stocks;Large cap;Communication Services;$33,232,985,400;0.00%;USA;Analyze
FWONA;Liberty Media Formula One Corp Series A;Common stocks;Large cap;Communication Services;$33,232,985,400;0.00%;USA;Analyze
ALL;Allstate Corp;Common stocks;Large cap;Financials;$32,870,274,861;2.57%;USA;Analyze
BBY;Best Buy Inc;Common stocks;Large cap;Consumer Discretionary;$32,688,644,838;1.98%;USA;Analyze
GLW;Corning Inc;Common stocks;Large cap;Information Technology;$32,651,407,641;2.49%;USA;Analyze
SGEN;Seattle Genetics Inc;Common stocks;Large cap;Health Care;$32,434,960,917;0.00%;USA;Analyze
EQR;Equity Residential;REITs;Large cap;Real Estate;$32,255,145,254;2.77%;USA;Analyze
CSGP;Costar Group Inc;Common stocks;Large cap;Industrials;$32,246,505,539;0.00%;USA;Analyze
LEN-B;Lennar Corporation Class B;Common stocks;Large cap;Consumer Discretionary;$32,219,723,761;1.14%;USA;Analyze
LEN;Lennar Corporation Class A;Common stocks;Large cap;Consumer Discretionary;$32,219,723,761;0.94%;USA;Analyze
ETSY;Etsy Inc;Common stocks;Large cap;Consumer Discretionary;$32,118,633,938;0.00%;USA;Analyze
AME;Ametek Inc;Common stocks;Large cap;Industrials;$32,089,427,028;0.56%;USA;Analyze
ARE;Alexandria Real Estate Equities, Inc;REITs;Large cap;Real Estate;$31,857,570,456;2.13%;USA;Analyze
ALB;Albemarle Corp;Common stocks;Large cap;Materials;$31,853,821,155;0.57%;USA;Analyze
VLO;Valero Energy Corp;Common stocks;Large cap;Energy;$31,570,286,190;4.97%;USA;Analyze
LYB;Lyondellbasell Industries NV;Common stocks;Large cap;Materials;$31,511,311,657;4.53%;USA;Analyze
PEG;Public Service Enterprise Group Inc;Common stocks;Large cap;Utilities;$31,441,838,108;3.23%;USA;Analyze
KR;Kroger;Common stocks;Large cap;Consumer Staples;$31,433,598,930;1.34%;USA;Analyze
ZBRA;Zebra Technologies Corp;Common stocks;Large cap;Information Technology;$31,266,478,724;0.00%;USA;Analyze
PCAR;Paccar Inc;Common stocks;Large cap;Industrials;$31,225,128,431;1.11%;USA;Analyze
SWK;Stanley Black & Decker Inc;Common stocks;Large cap;Industrials;$31,010,052,300;1.51%;USA;Analyze
AWK;American Water Works Inc;Common stocks;Large cap;Utilities;$30,979,416,696;1.37%;USA;Analyze
WST;West Pharmaceutical Services Inc;Common stocks;Large cap;Health Care;$30,882,351,589;0.17%;USA;Analyze
PCG;Pacific Gas & Electric Co.;Common stocks;Large cap;Utilities;$30,419,442,969;0.00%;USA;Analyze
FITB;Fifth Third Bancorp;Common stocks;Large cap;Financials;$30,290,447,770;2.48%;USA;Analyze
TSN;Tyson Foods Inc Class A;Common stocks;Large cap;Consumer Staples;$30,270,625,680;2.12%;USA;Analyze
LVS;Las Vegas Sands Corp;Common stocks;Large cap;Consumer Discretionary;$30,177,595,204;0.00%;USA;Analyze
OXY;Occidental Petroleum Corp;Common stocks;Large cap;Energy;$29,999,469,110;0.12%;USA;Analyze
VFC;VF Corp;Common stocks;Large cap;Consumer Discretionary;$29,745,401,610;2.56%;USA;Analyze
BLL;Ball Corp;Common stocks;Large cap;Materials;$29,688,140,722;0.71%;USA;Analyze
PAYC;Paycom Software Inc;Common stocks;Large cap;Information Technology;$29,293,199,930;0.00%;USA;Analyze
O;Realty Income Corporation;REITs;Large cap;Real Estate;$29,273,097,059;3.82%;USA;Analyze
LBRDA;Liberty Broadband Corp Series A;Common stocks;Large cap;Communication Services;$29,103,115,444;0.00%;USA;Analyze
LBRDK;Liberty Broadband Corp Series C;Common stocks;Large cap;Communication Services;$29,103,115,444;0.00%;USA;Analyze
LUV;Southwest Airlines;Common stocks;Large cap;Industrials;$29,051,429,036;0.00%;USA;Analyze
DVN;Devon Energy Corp;Common stocks;Large cap;Energy;$28,921,440,000;1.02%;USA;Analyze
WLTW;Willis Towers Watson PLC;Common stocks;Large cap;Financials;$28,696,784,139;1.27%;USA;Analyze
GNRC;Generac Holdings Inc;Common stocks;Large cap;Industrials;$28,392,380,549;0.00%;USA;Analyze
ES;Eversource Energy;Common stocks;Large cap;Utilities;$28,367,417,548;2.85%;USA;Analyze
OKE;Oneok Inc;Common stocks;Large cap;Energy;$28,250,090,135;5.76%;USA;Analyze
KSU;Kansas City Southern;Common stocks;Large cap;Industrials;$28,087,481,437;0.67%;USA;Analyze
WEC;WEC Energy Group Inc;Common stocks;Large cap;Utilities;$28,086,290,640;3.01%;USA;Analyze
FTV;Fortive Corp;Common stocks;Large cap;Industrials;$27,832,797,348;0.36%;USA;Analyze
PINS;Pinterest, Inc. Class A;Common stocks;Large cap;Communication Services;$27,819,331,420;0.00%;USA;Analyze
DAL;Delta Air Lines Inc;Common stocks;Large cap;Industrials;$27,808,600,392;0.01%;USA;Analyze
ZBH;Zimmer Biomet Holdings Inc;Common stocks;Large cap;Health Care;$27,720,003,582;0.72%;USA;Analyze
URI;United Rentals Inc;Common stocks;Large cap;Industrials;$27,687,251,666;0.00%;USA;Analyze
WY;Weyerhaeuser Company;REITs;Large cap;Real Estate;$27,572,346,450;3.17%;USA;Analyze
LH;Laboratory Corporation Of America;Common stocks;Large cap;Health Care;$27,454,416,000;0.00%;USA;Analyze
ED;Consolidated Edison Inc;Common stocks;Large cap;Utilities;$27,415,360,665;3.93%;USA;Analyze
GRMN;Garmin Ltd;Common stocks;Large cap;Consumer Discretionary;$27,317,423,840;1.79%;USA;Analyze
SYF;Synchrony Financial;Common stocks;Large cap;Financials;$27,204,253,689;1.76%;USA;Analyze
IT;Gartner Inc;Common stocks;Large cap;Information Technology;$27,104,332,916;0.00%;USA;Analyze
SWKS;Skyworks Solutions Inc;Common stocks;Large cap;Information Technology;$26,751,827,373;1.27%;USA;Analyze
EXPE;Expedia Inc;Common stocks;Large cap;Consumer Discretionary;$26,657,444,280;0.00%;USA;Analyze
EXR;Extra Space Storage Inc;REITs;Large cap;Real Estate;$26,562,794,996;2.07%;USA;Analyze
SPLK;Splunk Inc;Common stocks;Large cap;Information Technology;$26,459,586,910;0.00%;USA;Analyze
VMC;Vulcan Materials;Common stocks;Large cap;Materials;$26,442,803,879;0.73%;USA;Analyze
LNG;Cheniere Energy Inc;Common stocks;Large cap;Energy;$26,428,988,572;0.32%;USA;Analyze
SIRI;Sirius Xm Holdings Inc;Common stocks;Large cap;Communication Services;$26,276,674,424;1.00%;USA;Analyze
ABC;AmerisourceBergen Corp;Common stocks;Large cap;Health Care;$26,116,762,610;1.39%;USA;Analyze
VRSN;Verisign Inc;Common stocks;Large cap;Information Technology;$25,896,826,569;0.00%;USA;Analyze
NTRS;Northern Trust Corporation;Common stocks;Large cap;Financials;$25,870,438,151;1.68%;USA;Analyze
MLM;Martin Marietta Materials Inc;Common stocks;Large cap;Materials;$25,826,102,874;0.56%;USA;Analyze
LYV;Live Nation Entertainment Inc;Common stocks;Large cap;Communication Services;$25,669,651,257;0.00%;USA;Analyze
MPWR;Monolithic Power Systems Inc;Common stocks;Large cap;Information Technology;$25,562,716,870;0.41%;USA;Analyze
CDW;CDW Corp;Common stocks;Large cap;Information Technology;$25,559,360,633;0.85%;USA;Analyze
DLTR;Dollar Tree Inc;Common stocks;Large cap;Consumer Discretionary;$25,545,489,967;0.00%;USA;Analyze
CCL;Carnival Corp;Common stocks;Large cap;Consumer Discretionary;$25,413,850,168;0.00%;USA;Analyze
BKR;Baker Hughes Company Class A;Common stocks;Large cap;Energy;$25,197,741,600;2.92%;USA;Analyze
HES;Hess Corp;Common stocks;Large cap;Energy;$25,186,991,020;1.22%;USA;Analyze
ON;ON Semiconductor Corp;Common stocks;Large cap;Information Technology;$25,074,518,779;0.00%;USA;Analyze
PLUG;Plug Power Inc;Common stocks;Large cap;Industrials;$25,036,896,256;0.00%;USA;Analyze
GWW;W.W. Grainger Inc;Common stocks;Large cap;Industrials;$24,967,129,977;1.31%;USA;Analyze
HIG;Hartford Financial Services Group;Common stocks;Large cap;Financials;$24,907,058,373;1.86%;USA;Analyze
TSCO;Tractor Supply;Common stocks;Large cap;Consumer Discretionary;$24,883,356,834;0.89%;USA;Analyze
EIX;Edison International;Common stocks;Large cap;Utilities;$24,764,346,991;3.99%;USA;Analyze
DOV;Dover Corp;Common stocks;Large cap;Industrials;$24,642,973,361;1.15%;USA;Analyze
HZNP;Horizon Pharma Plc;Common stocks;Large cap;Health Care;$24,530,692,664;0.00%;USA;Analyze
KMX;Carmax Inc;Common stocks;Large cap;Consumer Discretionary;$24,341,299,683;0.00%;USA;Analyze
INVH;Invitation Homes Inc;REITs;Large cap;Real Estate;$24,198,969,731;1.67%;USA;Analyze
IR;Ingersoll Rand Plc;Common stocks;Large cap;Industrials;$23,741,804,406;0.03%;USA;Analyze
YUMC;Yum China Holdings Inc;Common stocks;Large cap;Consumer Discretionary;$23,576,948,768;0.44%;China;Analyze
HBAN;Huntington Bancshares Inc;Common stocks;Large cap;Financials;$23,548,389,134;3.63%;USA;Analyze
HRL;Hormel Foods Corp;Common stocks;Large cap;Consumer Staples;$23,514,414,269;2.24%;USA;Analyze
XYL;Xylem Inc;Common stocks;Large cap;Industrials;$23,498,186,194;0.64%;USA;Analyze
AVTR;Avantor, Inc.;Common stocks;Large cap;Health Care;$23,482,213,533;0.00%;USA;Analyze
MAA;Mid-America Apartment Communities, Inc;REITs;Large cap;Real Estate;$23,429,497,347;2.00%;USA;Analyze
TER;Teradyne Inc;Common stocks;Large cap;Information Technology;$23,343,851,531;0.28%;USA;Analyze
VIACA;ViacomCBS Inc. - Class A;Common stocks;Large cap;Communication Services;$23,176,161,596;2.46%;USA;Analyze
VIAC;ViacomCBS Inc. - Class B;Common stocks;Large cap;Communication Services;$23,176,161,596;2.68%;USA;Analyze
STE;STERIS PLC;Common stocks;Large cap;Health Care;$23,157,325,423;0.70%;USA;Analyze
RF;Regions Financial Corp;Common stocks;Large cap;Financials;$22,993,176,867;2.60%;USA;Analyze
FOX;Fox Corporation Class B;Common stocks;Large cap;Communication Services;$22,708,197,691;1.23%;USA;Analyze
FOXA;Fox Corporation Class A;Common stocks;Large cap;Communication Services;$22,708,197,691;1.14%;USA;Analyze
PKI;Perkinelmer Inc;Common stocks;Large cap;Health Care;$22,592,358,372;0.16%;USA;Analyze
KEY;Keycorp;Common stocks;Large cap;Financials;$22,531,610,497;3.02%;USA;Analyze
SUI;Sun Communities, Inc;REITs;Large cap;Real Estate;$22,468,191,123;1.68%;USA;Analyze
ESS;Essex Property Trust, Inc;REITs;Large cap;Real Estate;$22,401,278,795;2.40%;USA;Analyze
BIO;Bio Rad Laboratories Inc Class A;Common stocks;Large cap;Health Care;$22,339,896,067;0.00%;USA;Analyze
TYL;Tyler Technologies Inc;Common stocks;Large cap;Information Technology;$22,285,386,290;0.00%;USA;Analyze
POOL;Pool Corp;Common stocks;Large cap;Consumer Discretionary;$22,205,528,896;0.54%;USA;Analyze
PPL;PPL Corporation;Common stocks;Large cap;Utilities;$22,133,863,527;5.65%;USA;Analyze
RNG;Ringcentral Inc Class A;Common stocks;Large cap;Information Technology;$22,121,311,975;0.00%;USA;Analyze
CHD;Church And Dwight Inc;Common stocks;Large cap;Consumer Staples;$22,044,155,966;1.10%;USA;Analyze
RCL;Royal Caribbean Cruises Ltd;Common stocks;Large cap;Consumer Discretionary;$21,988,363,796;0.00%;USA;Analyze
DRE;Duke Realty Corporation;REITs;Large cap;Real Estate;$21,982,679,316;1.75%;USA;Analyze
CERN;Cerner Corp;Common stocks;Large cap;Health Care;$21,957,844,579;1.17%;USA;Analyze
COO;Cooper Companies, Inc.;Common stocks;Large cap;Health Care;$21,914,452,104;0.01%;USA;Analyze
VTR;Ventas, Inc;REITs;Large cap;Real Estate;$21,902,781,194;3.24%;USA;Analyze
DTE;DTE Energy;Common stocks;Large cap;Utilities;$21,792,381,502;3.16%;USA;Analyze
CZR;Caesars Entertainment Corp;Common stocks;Large cap;Consumer Discretionary;$21,781,438,158;0.00%;USA;Analyze
MKC;McCormick & Co  Non-voting;Common stocks;Large cap;Consumer Staples;$21,727,907,912;1.66%;USA;Analyze
TDOC;Teladoc Inc;Common stocks;Large cap;Health Care;$21,701,347,765;0.00%;USA;Analyze
PODD;Insulet Corp;Common stocks;Large cap;Health Care;$21,698,487,521;0.00%;USA;Analyze
CTLT;Catalent Inc;Common stocks;Large cap;Health Care;$21,638,168,509;0.00%;USA;Analyze
AEE;Ameren Corp;Common stocks;Large cap;Utilities;$21,626,076,324;2.56%;USA;Analyze
K;Kellogg;Common stocks;Large cap;Consumer Staples;$21,579,428,518;3.59%;USA;Analyze
ULTA;Ulta Beauty Inc;Common stocks;Large cap;Consumer Discretionary;$21,502,222,383;0.00%;USA;Analyze
TRMB;Trimble Inc;Common stocks;Large cap;Information Technology;$21,448,666,840;0.00%;USA;Analyze
EXPD;Expeditors International Of Washington;Common stocks;Large cap;Industrials;$21,443,135,789;0.87%;USA;Analyze
TTWO;Take Two Interactive Software Inc;Common stocks;Large cap;Communication Services;$21,412,323,258;0.00%;USA;Analyze
WAT;Waters Corp;Common stocks;Large cap;Health Care;$21,393,212,285;0.00%;USA;Analyze
MGM;MGM Resorts International;Common stocks;Large cap;Consumer Discretionary;$21,300,156,069;0.02%;USA;Analyze
TRU;TransUnion;Common stocks;Large cap;Industrials;$21,273,348,000;0.31%;USA;Analyze
FE;Firstenergy Corp;Common stocks;Large cap;Utilities;$21,248,697,730;3.94%;USA;Analyze
HAL;Halliburton;Common stocks;Large cap;Energy;$21,122,644,867;0.76%;USA;Analyze
CG;Carlyle Group;Common stocks;Large cap;Financials;$21,013,732,382;1.27%;USA;Analyze
CFG;Citizens Financial Group Inc;Common stocks;Large cap;Financials;$20,934,923,173;3.14%;USA;Analyze
DT;Dynatrace, Inc.;Common stocks;Large cap;Information Technology;$20,915,674,604;0.00%;USA;Analyze
HPE;Hewlett Packard Enterprise;Common stocks;Large cap;Information Technology;$20,850,317,223;3.73%;USA;Analyze
ETR;Entergy Corp;Common stocks;Large cap;Utilities;$20,727,201,263;2.74%;USA;Analyze
ALNY;Alnylam Pharmaceuticals Inc;Common stocks;Large cap;Health Care;$20,696,983,680;0.00%;USA;Analyze
TDY;Teledyne Technologies Inc;Common stocks;Large cap;Information Technology;$20,694,369,867;0.00%;USA;Analyze
JBHT;JB Hunt Transport Services Inc;Common stocks;Large cap;Industrials;$20,626,828,863;0.60%;USA;Analyze
NTAP;NetApp Inc;Common stocks;Large cap;Information Technology;$20,558,252,948;2.12%;USA;Analyze
BR;Broadridge Financial Solutions Inc;Common stocks;Large cap;Information Technology;$20,493,258,574;1.34%;USA;Analyze
MTB;M&T Bank Corp;Common stocks;Large cap;Financials;$20,489,156,758;2.73%;USA;Analyze
CLX;Clorox;Common stocks;Large cap;Consumer Staples;$20,387,847,390;2.71%;USA;Analyze
ENTG;Entegris Inc;Common stocks;Large cap;Information Technology;$20,309,571,004;0.21%;USA;Analyze
SSNC;SS&C Technologies Holdings, Inc.;Common stocks;Large cap;Information Technology;$20,028,797,330;0.78%;USA;Analyze
BBWI;Bath & Body Works, Inc.;Common stocks;Large cap;Consumer Discretionary;$19,997,169,711;0.55%;USA;Analyze
TECH;Bio-Techne Corp;Common stocks;Large cap;Health Care;$19,908,172,266;0.32%;USA;Analyze
CINF;Cincinnati Financial Corp;Common stocks;Large cap;Financials;$19,784,891,734;2.01%;USA;Analyze
FANG;Diamondback Energy Inc;Common stocks;Large cap;Energy;$19,706,355,695;1.60%;USA;Analyze
CRL;Charles River Laboratories International;Common stocks;Large cap;Health Care;$19,684,143,474;0.00%;USA;Analyze
DRI;Darden Restaurants Inc;Common stocks;Large cap;Consumer Discretionary;$19,610,513,953;2.27%;USA;Analyze
AGR;Avangrid Inc;Common stocks;Large cap;Utilities;$19,557,702,124;3.44%;USA;Analyze
IP;International Paper;Common stocks;Large cap;Materials;$19,421,247,925;3.83%;USA;Analyze
FLT;Fleetcor Technologies Inc;Common stocks;Large cap;Information Technology;$19,409,712,627;0.00%;USA;Analyze
GPC;Genuine Parts;Common stocks;Large cap;Consumer Discretionary;$19,244,026,590;2.37%;USA;Analyze
UPST;Upstart Holdings, Inc.;Common stocks;Large cap;Financials;$19,132,342,637;0.00%;USA;Analyze
SBNY;Signature Bank;Common stocks;Large cap;Financials;$19,126,549,569;0.71%;USA;Analyze
DISH;Dish Network Corp Class A;Common stocks;Large cap;Communication Services;$19,088,285,680;0.00%;USA;Analyze
W;Wayfair Inc Class A;Common stocks;Large cap;Consumer Discretionary;$19,032,747,496;0.00%;USA;Analyze
HEI;Heico Corp;Common stocks;Large cap;Industrials;$18,983,479,385;0.12%;USA;Analyze
HEI-A;Heico Corporation Class A;Common stocks;Large cap;Industrials;$18,983,479,385;0.12%;USA;Analyze
AMCR;Amcor plc;Common stocks;Large cap;Materials;$18,949,967,579;3.77%;United Kingdom;Analyze
UI;Ubiquiti Inc.;Common stocks;Large cap;Information Technology;$18,846,578,698;0.59%;USA;Analyze
J;Jacobs Engineering Group Inc.;Common stocks;Large cap;Industrials;$18,843,463,975;0.58%;USA;Analyze
CE;Celanese Corporation;Common stocks;Large cap;Materials;$18,567,923,126;1.58%;USA;Analyze
BXP;Boston Properties, Inc;REITs;Large cap;Real Estate;$18,465,222,850;3.27%;USA;Analyze
DPZ;Dominos Pizza Inc;Common stocks;Large cap;Consumer Discretionary;$18,446,640,468;0.71%;USA;Analyze
PEAK;Healthpeak Properties, Inc.;REITs;Large cap;Real Estate;$18,425,488,582;3.47%;USA;Analyze
HOLX;Hologic Inc;Common stocks;Large cap;Health Care;$18,405,719,315;0.00%;USA;Analyze
AVY;Avery Dennison Corp;Common stocks;Large cap;Materials;$18,368,200,089;0.89%;USA;Analyze
PFG;Principal Financial Group Inc;Common stocks;Large cap;Financials;$18,345,454,697;3.36%;USA;Analyze
WDC;Western Digital Corp;Common stocks;Large cap;Information Technology;$18,329,660,213;0.00%;USA;Analyze
VICI;VICI Properties Inc;REITs;Large cap;Real Estate;$18,327,487,402;4.56%;USA;Analyze
MOH;Molina Healthcare Inc;Common stocks;Large cap;Health Care;$18,254,088,000;0.00%;USA;Analyze
DGX;Quest Diagnostics Inc;Common stocks;Large cap;Health Care;$18,185,308,053;1.63%;USA;Analyze
CDAY;Ceridian HCM Holding Inc.;Common stocks;Large cap;Information Technology;$18,152,187,156;0.00%;USA;Analyze
WAB;Westinghouse Air Brake Technologies;Common stocks;Large cap;Industrials;$18,132,847,522;0.37%;USA;Analyze
BURL;Burlington Stores Inc;Common stocks;Large cap;Consumer Discretionary;$18,003,598,114;0.00%;USA;Analyze
BRO;Brown & Brown Inc;Common stocks;Large cap;Financials;$17,987,765,376;0.60%;USA;Analyze
NVR;NVR, Inc.;Common stocks;Large cap;Consumer Discretionary;$17,934,510,159;0.00%;USA;Analyze
BEN;Franklin Resources Inc;Common stocks;Large cap;Financials;$17,841,266,448;3.11%;USA;Analyze
AKAM;Akamai Technologies Inc;Common stocks;Large cap;Information Technology;$17,763,929,216;0.00%;USA;Analyze
IEX;IDEX Corp;Common stocks;Large cap;Industrials;$17,759,436,602;0.90%;USA;Analyze
MKL;Markel Corp;Common stocks;Large cap;Financials;$17,746,443,156;0.00%;USA;Analyze
LYFT;Lyft, Inc. - Class A;Common stocks;Large cap;Industrials;$17,662,328,421;0.00%;USA;Analyze
ROL;Rollins Inc;Common stocks;Large cap;Industrials;$17,516,705,640;0.95%;USA;Analyze
ALLY;Ally Financial Inc;Common stocks;Large cap;Financials;$17,491,957,560;1.73%;USA;Analyze
VTRS;Viatris Inc.;Common stocks;Large cap;Health Care;$17,487,828,795;1.52%;USA;Analyze
CLR;Continental Resources Inc;Common stocks;Large cap;Energy;$17,478,421,634;0.54%;USA;Analyze
CMS;CMS Energy Corp;Common stocks;Large cap;Utilities;$17,405,019,131;2.87%;USA;Analyze
QRVO;Qorvo, Inc.;Common stocks;Large cap;Information Technology;$17,379,998,433;0.00%;USA;Analyze
NUAN;Nuance Communications Inc;Common stocks;Large cap;Information Technology;$17,289,261,532;0.00%;USA;Analyze
UDR;UDR, Inc;REITs;Large cap;Real Estate;$17,274,242,995;2.56%;USA;Analyze
RPRX;Royalty Pharma plc - Class A;Common stocks;Large cap;Health Care;$17,262,047,653;1.63%;USA;Analyze
FDS;Factset Research Systems Inc;Common stocks;Large cap;Financials;$17,194,914,478;0.69%;USA;Analyze
CPT;Camden Property Trust;REITs;Large cap;Real Estate;$17,002,561,973;1.98%;USA;Analyze
CTRA;Coterra Energy Inc.;Common stocks;Large cap;Energy;$16,963,093,773;1.52%;USA;Analyze
TXT;Textron Inc;Common stocks;Large cap;Industrials;$16,944,086,431;0.10%;USA;Analyze
CNP;Centerpoint Energy Inc;Common stocks;Large cap;Utilities;$16,834,735,699;2.33%;USA;Analyze
LKQ;LKQ Corp;Common stocks;Large cap;Consumer Discretionary;$16,827,785,995;0.43%;USA;Analyze
UAL;United Continental Holdings Inc;Common stocks;Large cap;Industrials;$16,614,284,284;0.00%;USA;Analyze
PWR;Quanta Services Inc;Common stocks;Large cap;Industrials;$16,606,866,091;0.21%;USA;Analyze
AES;AES Corp;Common stocks;Large cap;Utilities;$16,587,840,066;2.40%;USA;Analyze
PPD;PPD, Inc.;Common stocks;Large cap;Health Care;$16,585,822,618;0.00%;USA;Analyze
DKNG;DraftKings Inc. - Class A;Common stocks;Large cap;Consumer Discretionary;$16,546,702,444;0.00%;USA;Analyze
MASI;Masimo Corp;Common stocks;Large cap;Health Care;$16,400,841,633;0.00%;USA;Analyze
ATH;Athene Holding Ltd;Common stocks;Large cap;Financials;$16,335,873,476;0.00%;USA;Analyze
ABMD;Abiomed Inc;Common stocks;Large cap;Health Care;$16,223,949,959;0.00%;USA;Analyze
ACI;Albertsons Companies, Inc. Class A;Common stocks;Large cap;Consumer Staples;$16,199,891,532;1.20%;USA;Analyze
ESTC;Elastic N.V.;Common stocks;Large cap;Information Technology;$16,041,316,050;0.00%;USA;Analyze
WOLF;Wolfspeed, Inc.;Common stocks;Large cap;Information Technology;$16,026,347,743;0.00%;USA;Analyze
ACGL;Arch Capital Group Ltd;Common stocks;Large cap;Financials;$16,012,966,322;0.00%;USA;Analyze
COUP;Coupa Software Inc;Common stocks;Large cap;Information Technology;$15,922,775,515;0.00%;USA;Analyze
TFX;Teleflex Inc;Common stocks;Large cap;Health Care;$15,845,772,787;0.30%;USA;Analyze
Z;Zillow Group Inc Class C;Common stocks;Large cap;Communication Services;$15,810,204,368;0.00%;USA;Analyze
ZG;Zillow Group Inc Class A;Common stocks;Large cap;Communication Services;$15,810,204,368;0.00%;USA;Analyze
MAS;Masco Corp;Common stocks;Large cap;Industrials;$15,763,170,298;1.30%;USA;Analyze
GME;Gamestop Corp Class A;Common stocks;Large cap;Consumer Discretionary;$15,628,742,463;0.00%;USA;Analyze
ELS;Equity LifeStyle Properties, Inc;REITs;Large cap;Real Estate;$15,593,969,420;1.67%;USA;Analyze
EXAS;Exact Sciences Corp;Common stocks;Large cap;Health Care;$15,512,140,266;0.00%;USA;Analyze
ELAN;Elanco Animal Health Incorporated;Common stocks;Large cap;Health Care;$15,489,249,572;0.00%;USA;Analyze
EMN;Eastman Chemical;Common stocks;Large cap;Materials;$15,486,175,738;2.37%;USA;Analyze
NDSN;Nordson Corp;Common stocks;Large cap;Industrials;$15,399,775,399;0.63%;USA;Analyze
CAG;Conagra Brands Inc;Common stocks;Large cap;Consumer Staples;$15,388,448,174;3.61%;USA;Analyze
TXG;10x Genomics, Inc.;Common stocks;Large cap;Health Care;$15,377,288,057;0.00%;USA;Analyze
BSY;Bentley Systems, Inc Class B;Common stocks;Large cap;Information Technology;$15,367,431,937;0.21%;USA;Analyze
WSM;Williams Sonoma Inc;Common stocks;Large cap;Consumer Discretionary;$15,344,586,762;1.17%;USA;Analyze
AAP;Advance Auto Parts Inc;Common stocks;Large cap;Consumer Discretionary;$15,022,526,691;1.04%;USA;Analyze
BMRN;Biomarin Pharmaceutical Inc;Common stocks;Large cap;Health Care;$14,951,849,265;0.00%;USA;Analyze
EVRG;Evergy Inc;Common stocks;Large cap;Utilities;$14,815,247,447;3.27%;USA;Analyze
TREX;Trex Inc;Common stocks;Large cap;Industrials;$14,812,119,959;0.00%;USA;Analyze
OMC;Omnicom Group Inc;Common stocks;Large cap;Communication Services;$14,794,073,131;3.90%;USA;Analyze
RGEN;Repligen Corp;Common stocks;Large cap;Health Care;$14,763,142,747;0.00%;USA;Analyze
KIM;Kimco Realty Corporation;REITs;Large cap;Real Estate;$14,670,987,780;2.78%;USA;Analyze
UHAL;Amerco;Common stocks;Large cap;Industrials;$14,646,037,247;0.38%;USA;Analyze
LUMN;CenturyLink, Inc.;Common stocks;Large cap;Communication Services;$14,610,969,749;6.81%;USA;Analyze
PCTY;Paylocity Holding Corp;Common stocks;Large cap;Information Technology;$14,605,632,932;0.00%;USA;Analyze
L;Loews Corp;Common stocks;Large cap;Financials;$14,602,074,755;0.43%;USA;Analyze
IPG;Interpublic Group Of Companies Inc;Common stocks;Large cap;Communication Services;$14,565,007,067;2.85%;USA;Analyze
NLOK;NortonLifeLock Inc.;Common stocks;Large cap;Information Technology;$14,561,328,126;1.98%;USA;Analyze
MKTX;Marketaxess Holdings Inc;Common stocks;Large cap;Financials;$14,553,495,574;0.69%;USA;Analyze
CLVT;Clarivate Plc;Common stocks;Large cap;Industrials;$14,516,519,754;0.00%;USA;Analyze
FNF;Fidelity National Financial Inc;Common stocks;Large cap;Financials;$14,474,129,461;2.87%;USA;Analyze
WPC;W. P. Carey Inc;REITs;Large cap;Real Estate;$14,448,261,110;5.30%;USA;Analyze
ARES;Ares Management Corporation Class A;Common stocks;Large cap;Financials;$14,419,793,793;2.08%;USA;Analyze
INCY;Incyte Corp;Common stocks;Large cap;Health Care;$14,382,188,138;0.00%;USA;Analyze
WRB;WR Berkley Corp;Common stocks;Large cap;Financials;$14,360,867,691;0.61%;USA;Analyze
MTN;Vail Resorts Inc;Common stocks;Large cap;Consumer Discretionary;$14,246,550,039;0.25%;USA;Analyze
CGNX;Cognex Corp;Common stocks;Large cap;Information Technology;$14,184,284,054;0.22%;USA;Analyze
WHR;Whirlpool Corp;Common stocks;Large cap;Consumer Discretionary;$14,108,286,375;2.33%;USA;Analyze
PTC;PTC Inc;Common stocks;Large cap;Information Technology;$14,061,163,786;0.00%;USA;Analyze
CAH;Cardinal Health Inc;Common stocks;Large cap;Health Care;$14,055,585,540;3.86%;USA;Analyze
DISCK;Discovery Communications, Inc. - Series C;Common stocks;Large cap;Communication Services;$14,051,049,775;0.00%;USA;Analyze
DISCA;Discovery Communications Inc Series A;Common stocks;Large cap;Communication Services;$14,051,049,775;0.00%;USA;Analyze
EQH;AXA Equitable Holdings Inc;Common stocks;Large cap;Financials;$14,004,991,276;2.01%;USA;Analyze
FBHS;Fortune Brands Home And Security;Common stocks;Large cap;Industrials;$13,996,925,760;0.99%;USA;Analyze
NWS;News Corp Class B;Common stocks;Large cap;Communication Services;$13,980,976,412;0.85%;USA;Analyze
NWSA;News Corp Class A;Common stocks;Large cap;Communication Services;$13,980,976,412;0.85%;USA;Analyze
MOS;Mosaic;Common stocks;Large cap;Materials;$13,949,317,795;0.68%;USA;Analyze
IRM;Iron Mountain Incorporated;REITs;Large cap;Real Estate;$13,860,734,469;5.06%;USA;Analyze
CCK;Crown Holdings Inc;Common stocks;Large cap;Materials;$13,854,479,706;0.74%;USA;Analyze
PTON;Peloton Interactive, Inc. Class A;Common stocks;Large cap;Consumer Discretionary;$13,851,145,898;0.00%;USA;Analyze
VMW;VMWare Inc Class A;Common stocks;Large cap;Information Technology;$13,849,805,459;0.00%;USA;Analyze
LNT;Alliant Energy Corp;Common stocks;Large cap;Utilities;$13,841,762,015;2.88%;USA;Analyze
RJF;Raymond James Inc;Common stocks;Large cap;Financials;$13,822,106,191;1.03%;USA;Analyze
OPEN;Opendoor Technologies Inc;Common stocks;Large cap;Real Estate;$13,820,542,760;0.00%;USA;Analyze
AAL;American Airlines Group Inc;Common stocks;Large cap;Industrials;$13,810,275,535;0.00%;USA;Analyze
CBOE;Cboe Global Markets, Inc.;Common stocks;Large cap;Financials;$13,778,272,628;1.34%;USA;Analyze
CF;CF Industries Holdings Inc;Common stocks;Large cap;Materials;$13,683,533,072;1.86%;USA;Analyze
HWM;Howmet Aerospace Inc.;Common stocks;Large cap;Industrials;$13,670,975,424;0.12%;USA;Analyze
SJM;J.M. Smucker;Common stocks;Large cap;Consumer Staples;$13,661,842,328;2.97%;USA;Analyze
FND;Floor Decor Holdings Inc;Common stocks;Large cap;Consumer Discretionary;$13,649,821,866;0.00%;USA;Analyze
RH;RH;Common stocks;Large cap;Consumer Discretionary;$13,606,816,525;0.00%;USA;Analyze
FFIV;F5 Networks Inc;Common stocks;Large cap;Information Technology;$13,596,191,194;0.00%;USA;Analyze
MORN;Morningstar Inc;Common stocks;Large cap;Financials;$13,570,770,746;0.40%;USA;Analyze
HAS;Hasbro Inc;Common stocks;Large cap;Consumer Discretionary;$13,549,145,107;2.74%;USA;Analyze
AMH;American Homes 4 Rent Class A;REITs;Large cap;Real Estate;$13,473,913,726;0.86%;USA;Analyze
JLL;Jones Lang LaSalle Inc;Common stocks;Large cap;Real Estate;$13,467,494,942;0.16%;USA;Analyze
CVNA;Carvana Class A;Common stocks;Large cap;Consumer Discretionary;$13,397,904,000;0.00%;USA;Analyze
FMC;FMC Corp;Common stocks;Large cap;Materials;$13,395,097,992;1.80%;USA;Analyze
AVLR;Avalara Inc.;Common stocks;Large cap;Information Technology;$13,384,177,131;0.95%;USA;Analyze
GGG;Graco Inc;Common stocks;Large cap;Industrials;$13,291,308,043;0.96%;USA;Analyze
GLOB;Globant Sa;Common stocks;Large cap;Information Technology;$13,282,012,868;0.00%;Argentina;Analyze
WRK;Westrock;Common stocks;Large cap;Materials;$13,267,533,258;1.86%;USA;Analyze
LNC;Lincoln National Corp;Common stocks;Large cap;Financials;$13,244,139,670;2.27%;USA;Analyze
BG;Bunge Ltd;Common stocks;Large cap;Consumer Staples;$13,203,277,898;2.14%;USA;Analyze
LPLA;LPL Financial Holdings Inc;Common stocks;Large cap;Financials;$13,177,829,753;0.61%;USA;Analyze
STLD;Steel Dynamics Inc;Common stocks;Large cap;Materials;$13,147,393,723;1.54%;USA;Analyze
RHI;Robert Half;Common stocks;Large cap;Industrials;$13,091,318,688;1.25%;USA;Analyze
MRO;Marathon Oil Corp;Common stocks;Large cap;Energy;$13,024,922,287;0.71%;USA;Analyze
WLK;Westlake Chemical Corp;Common stocks;Large cap;Materials;$13,005,884,837;1.08%;USA;Analyze
LDOS;Leidos Holdings Inc;Common stocks;Large cap;Industrials;$12,977,180,249;1.48%;USA;Analyze
QS;QuantumScape Corporation Class A;Common stocks;Large cap;Consumer Discretionary;$12,936,462,318;0.00%;USA;Analyze
BLDR;Builders Firstsource Inc;Common stocks;Large cap;Industrials;$12,918,663,396;0.00%;USA;Analyze
REG;Regency Centers Corporation;REITs;Large cap;Real Estate;$12,868,369,305;3.12%;USA;Analyze
AOS;A O Smith Corp;Common stocks;Large cap;Industrials;$12,863,677,540;1.32%;USA;Analyze
TPR;Tapestry;Common stocks;Large cap;Consumer Discretionary;$12,852,836,949;0.54%;USA;Analyze
PHM;Pultegroup Inc;Common stocks;Large cap;Consumer Discretionary;$12,836,513,317;1.10%;USA;Analyze
PKG;Packaging Corp Of America;Common stocks;Large cap;Materials;$12,833,252,487;2.93%;USA;Analyze
SC;Santander Consumer USA Holdings;Common stocks;Large cap;Financials;$12,807,700,097;1.57%;USA;Analyze
NVAX;Novavax Inc;Common stocks;Large cap;Health Care;$12,806,495,405;0.00%;USA;Analyze
DAR;Darling Ingredients Inc;Common stocks;Large cap;Consumer Staples;$12,787,703,073;0.00%;USA;Analyze
MPW;Medical Properties Trust, Inc;REITs;Large cap;Real Estate;$12,765,851,000;5.08%;USA;Analyze
HST;Host Hotels & Resorts, Inc;REITs;Large cap;Real Estate;$12,716,969,014;0.00%;USA;Analyze
TRGP;Targa Resources Corp;Common stocks;Large cap;Energy;$12,650,688,083;0.72%;USA;Analyze
BRKR;Bruker Corp;Common stocks;Large cap;Health Care;$12,461,510,003;0.19%;USA;Analyze
NLY;Annaly Capital Management Inc;Mortgage REITs;Large cap;Financials;$12,456,536,710;9.87%;USA;Analyze
ATO;Atmos Energy Corp;Common stocks;Large cap;Utilities;$12,395,045,348;2.61%;USA;Analyze
CNA;CNA Financial Corp;Common stocks;Large cap;Financials;$12,379,437,862;3.26%;USA;Analyze
CPB;Campbell Soup;Common stocks;Large cap;Consumer Staples;$12,365,298,695;3.57%;USA;Analyze
CSL;Carlisle Companies Inc;Common stocks;Large cap;Industrials;$12,350,138,280;0.89%;USA;Analyze
AFG;American Financial Group Inc;Common stocks;Large cap;Financials;$12,301,383,284;1.30%;USA;Analyze
WAL;Western Alliance;Common stocks;Large cap;Financials;$12,274,957,079;0.72%;USA;Analyze
PNR;Pentair;Common stocks;Large cap;Industrials;$12,266,900,374;1.07%;USA;Analyze
QGEN;Qiagen Nv;Common stocks;Large cap;Health Care;$12,215,454,196;0.00%;The Netherlands;Analyze
BKI;Black Knight;Common stocks;Large cap;Information Technology;$12,126,613,779;0.00%;USA;Analyze
ZEN;Zendesk Inc;Common stocks;Large cap;Information Technology;$12,104,529,658;0.00%;USA;Analyze
FSLR;First Solar Inc;Common stocks;Large cap;Information Technology;$12,078,713,120;0.00%;USA;Analyze
CHRW;C.H. Robinson Worldwide, Inc.;Common stocks;Large cap;Industrials;$12,069,335,847;2.18%;USA;Analyze
RUN;Sunrun Inc;Common stocks;Large cap;Industrials;$12,031,125,195;0.00%;USA;Analyze
XRAY;Dentsply Sirona Inc;Common stocks;Large cap;Health Care;$11,907,524,706;0.77%;USA;Analyze
IVZ;Invesco Ltd;Common stocks;Large cap;Financials;$11,903,740,204;2.55%;USA;Analyze
BAH;Booz Allen Hamilton Holding Corp;Common stocks;Large cap;Industrials;$11,883,328,220;1.59%;USA;Analyze
ALLE;Allegion PLC;Common stocks;Large cap;Industrials;$11,876,668,016;1.05%;USA;Analyze
EWBC;East West Bancorp Inc;Common stocks;Large cap;Financials;$11,864,885,323;1.57%;USA;Analyze
WTRG;Essential Utilities, Inc.;Common stocks;Large cap;Utilities;$11,861,223,452;2.19%;USA;Analyze
RPM;RPM International Inc;Common stocks;Large cap;Materials;$11,857,312,685;1.67%;USA;Analyze
SNA;Snap On Inc;Common stocks;Large cap;Industrials;$11,824,970,224;2.22%;USA;Analyze
JKHY;Jack Henry & Associates, Inc.;Common stocks;Large cap;Information Technology;$11,781,402,283;1.13%;USA;Analyze
GDDY;GoDaddy Inc. Class A;Common stocks;Large cap;Information Technology;$11,757,479,006;0.00%;USA;Analyze
MHK;Mohawk Industries Inc;Common stocks;Large cap;Consumer Discretionary;$11,751,566,716;0.00%;USA;Analyze
PCOR;Procore Technologies, Inc.;Common stocks;Large cap;Information Technology;$11,702,077,825;0.00%;USA;Analyze
CMA;Comerica Inc;Common stocks;Large cap;Financials;$11,677,477,043;3.01%;USA;Analyze
DECK;Deckers Outdoor Corp;Common stocks;Large cap;Consumer Discretionary;$11,619,612,640;0.00%;USA;Analyze
FIVE;Five Below Inc;Common stocks;Large cap;Consumer Discretionary;$11,603,233,559;0.00%;USA;Analyze
NVCR;Novocure Ltd;Common stocks;Large cap;Health Care;$11,599,725,585;0.00%;USA;Analyze
GLPI;Gaming and Leisure Properties, Inc;REITs;Large cap;Real Estate;$11,543,344,160;5.24%;USA;Analyze
VER;VEREIT, Inc;REITs;Large cap;Real Estate;$11,490,936,644;3.47%;USA;Analyze
WSO;Watsco Inc;Common stocks;Large cap;Industrials;$11,466,565,352;2.55%;USA;Analyze
IAC;IAC/InterActive;Common stocks;Large cap;Communication Services;$11,457,402,831;0.25%;USA;Analyze
LII;Lennox International Inc;Common stocks;Large cap;Industrials;$11,393,639,714;1.08%;USA;Analyze
BWA;BorgWarner Inc;Common stocks;Large cap;Consumer Discretionary;$11,326,795,031;1.43%;USA;Analyze
HUBB;Hubbell Inc;Common stocks;Large cap;Industrials;$11,315,287,229;1.87%;USA;Analyze
CLF;Cleveland-Cliffs Inc.;Common stocks;Large cap;Materials;$11,237,037,243;0.00%;USA;Analyze
RRX;Regal Rexnord Corporation;Common stocks;Large cap;Industrials;$11,231,787,204;0.73%;USA;Analyze
SCI;Service Corporation International;Common stocks;Large cap;Consumer Discretionary;$11,192,568,416;1.28%;USA;Analyze
SITE;Siteone Landscape Supply Inc;Common stocks;Large cap;Industrials;$11,140,285,027;0.00%;USA;Analyze
AXON;Axon Enterprise, Inc.;Common stocks;Large cap;Industrials;$11,095,906,981;0.00%;USA;Analyze
UHS;Universal Health Services Inc.;Common stocks;Large cap;Health Care;$11,070,240,384;0.31%;USA;Analyze
CUBE;CubeSmart;REITs;Large cap;Real Estate;$11,058,743,331;2.47%;USA;Analyze
MANH;Manhattan Associates Inc;Common stocks;Large cap;Information Technology;$10,993,320,550;0.00%;USA;Analyze
GXO;GXO Logistics, Inc.;Common stocks;Large cap;Industrials;$10,972,466,408;0.00%;USA;Analyze
CABO;Cable One Inc;Common stocks;Large cap;Communication Services;$10,967,697,117;0.56%;USA;Analyze
WYNN;Wynn Resorts Ltd;Common stocks;Large cap;Consumer Discretionary;$10,915,792,224;1.06%;USA;Analyze
CTXS;Citrix Systems Inc;Common stocks;Large cap;Information Technology;$10,895,790,098;1.66%;USA;Analyze
SNX;Synnex Corp;Common stocks;Large cap;Information Technology;$10,891,168,620;0.70%;USA;Analyze
HSIC;Henry Schein Inc;Common stocks;Large cap;Health Care;$10,879,007,621;0.00%;USA;Analyze
FICO;Fair Isaac Corp;Common stocks;Large cap;Information Technology;$10,872,188,121;0.00%;USA;Analyze
FIVN;Five9 Incinary;Common stocks;Large cap;Information Technology;$10,869,183,785;0.00%;USA;Analyze
RE;Everest Re Group Ltd;Common stocks;Large cap;Financials;$10,826,750,662;2.25%;USA;Analyze
DVA;Davita Inc;Common stocks;Large cap;Health Care;$10,814,647,000;0.00%;USA;Analyze
TTC;Toro;Common stocks;Large cap;Industrials;$10,776,458,695;1.03%;USA;Analyze
LSI;Life Storage, Inc;REITs;Large cap;Real Estate;$10,775,299,261;2.14%;USA;Analyze
NTRA;Natera Inc;Common stocks;Large cap;Health Care;$10,709,079,119;0.00%;USA;Analyze
GH;Guardant Health Inc;Common stocks;Large cap;Health Care;$10,702,380,317;0.00%;USA;Analyze
APA;Apache Corp;Common stocks;Large cap;Energy;$10,683,895,957;0.38%;USA;Analyze
ERIE;Erie Indemnity Class A;Common stocks;Large cap;Financials;$10,654,894,206;1.78%;USA;Analyze
SYNH;Syneos Health Inc;Common stocks;Large cap;Health Care;$10,638,804,946;0.00%;USA;Analyze
RS;Reliance Steel & Aluminum;Common stocks;Large cap;Materials;$10,610,321,283;1.60%;USA;Analyze
LEA;Lear Corp;Common stocks;Large cap;Consumer Discretionary;$10,600,420,711;0.70%;USA;Analyze
XLRN;Acceleron Pharma Inc;Common stocks;Large cap;Health Care;$10,598,304,646;0.00%;USA;Analyze
WIX;Wix.Com Ltd;Common stocks;Large cap;Information Technology;$10,597,090,148;0.00%;Israel;Analyze
JEF;Jefferies Financial Group Inc;Common stocks;Large cap;Financials;$10,583,685,479;1.50%;USA;Analyze
UA;Under Armour Inc Class C;Common stocks;Large cap;Consumer Discretionary;$10,574,443,542;0.00%;USA;Analyze
REXR;Rexford Industrial Realty, Inc;REITs;Large cap;Real Estate;$10,537,462,848;1.34%;USA;Analyze
CONE;CyrusOne Inc;REITs;Large cap;Real Estate;$10,495,644,812;2.45%;USA;Analyze
GWRE;Guidewire Software Inc;Common stocks;Large cap;Information Technology;$10,419,435,566;0.00%;USA;Analyze
LAMR;Lamar Advertising Company Class A;REITs;Large cap;Real Estate;$10,400,095,327;2.48%;USA;Analyze
TPL;Texas Pacific Land Trust;Common stocks;Large cap;Energy;$10,379,906,401;0.62%;USA;Analyze
NWL;Newell Brands Inc;Common stocks;Large cap;Consumer Discretionary;$10,349,982,000;3.73%;USA;Analyze
ZION;Zions Bancorporation;Common stocks;Large cap;Financials;$10,309,377,577;2.17%;USA;Analyze
JNPR;Juniper Networks Inc;Common stocks;Large cap;Information Technology;$10,304,989,471;2.50%;USA;Analyze
MIDD;Middleby Corp;Common stocks;Large cap;Industrials;$10,275,851,387;0.00%;USA;Analyze
UAA;Under Armour Inc Class A;Common stocks;Large cap;Consumer Discretionary;$10,257,804,480;0.00%;USA;Analyze
HRC;Hill-Rom Holdings Inc;Common stocks;Large cap;Health Care;$10,208,150,162;0.60%;USA;Analyze
AZPN;Aspen Technology Inc;Common stocks;Large cap;Information Technology;$10,189,039,892;0.00%;USA;Analyze
ACM;AECOM;Common stocks;Large cap;Industrials;$10,177,967,371;0.00%;USA;Analyze
FRT;Federal Realty Investment Trust;REITs;Large cap;Real Estate;$10,039,511,708;3.25%;USA;Analyze
VRT;Vertiv Holdings, LLC Class A;Common stocks;Large cap;Industrials;$10,030,482,477;0.04%;USA;Analyze
AGL;agilon health, inc.;Common stocks;Large cap;Health Care;$10,010,657,407;0.00%;USA;Analyze
TW;Tradeweb Markets Inc. - Class A;Common stocks;Mid cap;Financials;$9,987,325,965;0.34%;USA;Analyze
OLN;Olin Corp;Common stocks;Mid cap;Materials;$9,939,019,067;1.28%;USA;Analyze
PEN;Penumbra Inc;Common stocks;Mid cap;Health Care;$9,885,876,394;0.00%;USA;Analyze
DOX;Amdocs Ltd;Common stocks;Mid cap;Information Technology;$9,864,730,094;1.86%;Guernsey;Analyze
PENN;Penn National Gaming Inc;Common stocks;Mid cap;Consumer Discretionary;$9,864,043,402;0.00%;USA;Analyze
NI;Nisource Inc;Common stocks;Mid cap;Utilities;$9,852,960,396;3.46%;USA;Analyze
KNX;Knight Transportation Inc;Common stocks;Mid cap;Industrials;$9,819,684,506;0.61%;USA;Analyze
CACC;Credit Acceptance Corp;Common stocks;Mid cap;Financials;$9,772,370,067;0.00%;USA;Analyze
ARMK;Aramark;Common stocks;Mid cap;Consumer Discretionary;$9,762,994,490;1.15%;USA;Analyze
SMG;Scotts Miracle Gro;Common stocks;Mid cap;Materials;$9,762,988,100;1.43%;USA;Analyze
LAD;Lithia Motors Inc Class A;Common stocks;Mid cap;Consumer Discretionary;$9,719,739,081;0.42%;USA;Analyze
CPRI;Capri Holdings Limited;Common stocks;Mid cap;Consumer Discretionary;$9,659,452,392;0.00%;USA;Analyze
TAP;Molson Coors Brewing Class B;Common stocks;Mid cap;Consumer Staples;$9,639,213,125;0.72%;USA;Analyze
G;Genpact Ltd;Common stocks;Mid cap;Information Technology;$9,634,330,603;0.82%;USA;Analyze
PEGA;Pegasystems Inc;Common stocks;Mid cap;Information Technology;$9,589,498,734;0.10%;USA;Analyze
AA;Alcoa Corp;Common stocks;Mid cap;Materials;$9,581,552,158;0.20%;USA;Analyze
SEE;Sealed Air Corp;Common stocks;Mid cap;Materials;$9,572,405,679;1.11%;USA;Analyze
FHN;First Horizon National Corp;Common stocks;Mid cap;Financials;$9,519,945,586;3.42%;USA;Analyze
Y;Alleghany Corp;Common stocks;Mid cap;Financials;$9,515,374,717;0.00%;USA;Analyze
ST;Sensata Technologies Holding Nv;Common stocks;Mid cap;Industrials;$9,498,863,888;0.00%;USA;Analyze
CNXC;Concentrix Corporation;Common stocks;Mid cap;Information Technology;$9,485,030,799;0.14%;USA;Analyze
VST;Vistra Energy Corp;Common stocks;Mid cap;Utilities;$9,459,499,392;2.95%;USA;Analyze
UGI;UGI Corp;Common stocks;Mid cap;Utilities;$9,451,179,699;2.95%;USA;Analyze
CIEN;Ciena Corp;Common stocks;Mid cap;Information Technology;$9,428,991,477;0.00%;USA;Analyze
GL;Globe Life Inc.;Common stocks;Mid cap;Financials;$9,426,410,654;0.83%;USA;Analyze
STOR;STORE Capital Corporation;REITs;Mid cap;Real Estate;$9,393,629,807;4.18%;USA;Analyze
GPS;Gap Inc;Common stocks;Mid cap;Consumer Discretionary;$9,387,582,422;1.93%;USA;Analyze
PLTK;Playtika Holding Corp.;Common stocks;Mid cap;Communication Services;$9,356,045,539;0.00%;Israel;Analyze
OC;Owens Corning;Common stocks;Mid cap;Industrials;$9,342,244,036;1.11%;USA;Analyze
WMS;Advanced Drainage Systems Inc;Common stocks;Mid cap;Industrials;$9,297,749,438;0.31%;USA;Analyze
AGCO;AGCO Corp;Common stocks;Mid cap;Industrials;$9,276,444,085;3.79%;USA;Analyze
JBL;Jabil Inc;Common stocks;Mid cap;Information Technology;$9,246,539,366;0.49%;USA;Analyze
RL;Ralph Lauren Corp Class A;Common stocks;Mid cap;Consumer Discretionary;$9,149,258,079;1.10%;USA;Analyze
BERY;Berry Global Group Inc;Common stocks;Mid cap;Materials;$9,148,986,000;0.00%;USA;Analyze
AIZ;Assurant Inc;Common stocks;Mid cap;Financials;$9,140,203,658;1.64%;USA;Analyze
MKSI;MKS Instruments Inc;Common stocks;Mid cap;Information Technology;$9,063,649,825;0.51%;USA;Analyze
UTHR;United Therapeutics Corp;Common stocks;Mid cap;Health Care;$9,047,833,051;0.00%;USA;Analyze
SEIC;SEI Investments;Common stocks;Mid cap;Financials;$8,965,401,675;1.15%;USA;Analyze
IPGP;IPG Photonics Corp;Common stocks;Mid cap;Information Technology;$8,943,093,683;0.00%;USA;Analyze
OSH;Oak Street Health, Inc.;Common stocks;Mid cap;Health Care;$8,902,265,361;0.00%;USA;Analyze
COTY;Coty Inc Class A;Common stocks;Mid cap;Consumer Staples;$8,831,360,507;0.00%;USA;Analyze
OGN;Organon & Co.;Common stocks;Mid cap;Health Care;$8,803,084,171;0.81%;USA;Analyze
PLAN;Anaplan, Inc.;Common stocks;Mid cap;Information Technology;$8,797,271,275;0.00%;USA;Analyze
XPO;XPO Logistics Inc;Common stocks;Mid cap;Industrials;$8,792,593,014;0.00%;USA;Analyze
CHDN;Churchill Downs Inc;Common stocks;Mid cap;Consumer Discretionary;$8,778,174,876;0.27%;USA;Analyze
ITT;ITT Inc;Common stocks;Mid cap;Industrials;$8,768,008,000;0.81%;USA;Analyze
KSS;Kohls Corporation;Common stocks;Mid cap;Consumer Discretionary;$8,761,091,662;1.29%;USA;Analyze
GNTX;Gentex Corp;Common stocks;Mid cap;Consumer Discretionary;$8,732,321,391;1.30%;USA;Analyze
BLD;Topbuild Corp;Common stocks;Mid cap;Consumer Discretionary;$8,692,228,512;0.00%;USA;Analyze
PAG;Penske Automotive Group Inc;Common stocks;Mid cap;Consumer Discretionary;$8,691,532,168;1.59%;USA;Analyze
PVH;PVH Corp;Common stocks;Mid cap;Consumer Discretionary;$8,656,920,365;0.00%;USA;Analyze
VNO;Vornado Realty Trust;REITs;Mid cap;Real Estate;$8,656,630,564;4.61%;USA;Analyze
SMAR;Smartsheet Inc. Class A;Common stocks;Mid cap;Information Technology;$8,623,700,135;0.00%;USA;Analyze
ARW;Arrow Electronics Inc;Common stocks;Mid cap;Information Technology;$8,602,686,672;0.00%;USA;Analyze
NRG;NRG Energy Inc;Common stocks;Mid cap;Utilities;$8,596,285,037;3.66%;USA;Analyze
CBSH;Commerce Bancshares Inc;Common stocks;Mid cap;Financials;$8,587,389,297;1.42%;USA;Analyze
CFR;Cullen Frost Bankers Inc;Common stocks;Mid cap;Financials;$8,577,951,527;2.14%;USA;Analyze
DXC;DXC Technology Company;Common stocks;Mid cap;Information Technology;$8,571,074,968;0.00%;USA;Analyze
ATR;Aptargroup Inc;Common stocks;Mid cap;Materials;$8,546,333,172;1.15%;USA;Analyze
TNDM;Tandem Diabetes Care Inc;Common stocks;Mid cap;Health Care;$8,515,289,925;0.00%;USA;Analyze
ZNGA;Zynga Inc;Common stocks;Mid cap;Communication Services;$8,479,773,879;0.00%;USA;Analyze
NBIX;Neurocrine Biosciences Inc;Common stocks;Mid cap;Health Care;$8,464,955,016;0.00%;USA;Analyze
DKS;Dicks Sporting Inc;Common stocks;Mid cap;Consumer Discretionary;$8,459,354,753;1.10%;USA;Analyze
BRKS;Brooks Automation Inc;Common stocks;Mid cap;Information Technology;$8,454,967,760;0.35%;USA;Analyze
YETI;Yeti Holdings, Inc.;Common stocks;Mid cap;Consumer Discretionary;$8,450,654,462;0.00%;USA;Analyze
LW;Lamb Weston Holdings Inc;Common stocks;Mid cap;Consumer Staples;$8,447,135,630;1.62%;USA;Analyze
LECO;Lincoln Electric Holdings Inc;Common stocks;Mid cap;Industrials;$8,433,866,547;1.07%;USA;Analyze
TPX;Tempur Sealy International Inc;Common stocks;Mid cap;Consumer Discretionary;$8,403,064,730;0.73%;USA;Analyze
AGNC;AGNC Investment Corp;Mortgage REITs;Mid cap;Financials;$8,398,534,112;8.65%;USA;Analyze
BFAM;Bright Horizons Family Solutions;Common stocks;Mid cap;Consumer Discretionary;$8,336,981,825;0.00%;USA;Analyze
KRC;Kilroy Realty Corporation;REITs;Mid cap;Real Estate;$8,331,668,802;2.79%;USA;Analyze
AIRC;Apartment Income REIT Corp.;REITs;Mid cap;Real Estate;$8,321,797,220;3.24%;USA;Analyze
DBX;Dropbox Inc Class A;Common stocks;Mid cap;Information Technology;$8,320,697,585;0.00%;USA;Analyze
JAZZ;Jazz Pharmaceuticals Plc;Common stocks;Mid cap;Health Care;$8,314,204,702;0.00%;USA;Analyze
DNB;Dun & Bradstreet Holdings, Inc.;Common stocks;Mid cap;Industrials;$8,300,389,752;0.00%;USA;Analyze
CHPT;ChargePoint Holdings, Inc.;Common stocks;Mid cap;Industrials;$8,284,426,217;0.00%;USA;Analyze
FAF;First American Financial Corp;Common stocks;Mid cap;Financials;$8,233,621,620;2.51%;USA;Analyze
JHG;Janus Henderson Group Plc;Common stocks;Mid cap;Financials;$8,191,469,131;3.08%;USA;Analyze
AN;AutoNation Inc;Common stocks;Mid cap;Consumer Discretionary;$8,188,335,711;0.00%;USA;Analyze
NNN;National Retail Properties, Inc;REITs;Mid cap;Real Estate;$8,164,429,309;4.44%;USA;Analyze
PSTG;Pure Storage Inc Class A;Common stocks;Mid cap;Information Technology;$8,093,253,188;0.00%;USA;Analyze
COLD;Americold Realty Trust;REITs;Mid cap;Real Estate;$8,069,776,316;2.85%;USA;Analyze
CHH;Choice Hotels International Inc;Common stocks;Mid cap;Consumer Discretionary;$8,066,252,850;0.31%;USA;Analyze
NEWR;New Relic Inc;Common stocks;Mid cap;Information Technology;$8,058,067,569;0.00%;USA;Analyze
NYT;New York Times Class A;Common stocks;Mid cap;Communication Services;$8,033,877,116;0.56%;USA;Analyze
EQT;EQT Corporation;Common stocks;Mid cap;Energy;$8,012,511,550;0.14%;USA;Analyze
LFUS;Littelfuse Inc;Common stocks;Mid cap;Information Technology;$8,005,162,455;0.60%;USA;Analyze
SF;Stifel Financial Corp;Common stocks;Mid cap;Financials;$7,981,112,310;0.73%;USA;Analyze
MAT;Mattel Inc;Common stocks;Mid cap;Consumer Discretionary;$7,956,249,629;0.00%;USA;Analyze
OLED;Universal Display Corp;Common stocks;Mid cap;Information Technology;$7,937,848,192;0.44%;USA;Analyze
OSK;Oshkosh Corp;Common stocks;Mid cap;Industrials;$7,915,086,568;1.14%;USA;Analyze
PBCT;Peoples United Financial Inc;Common stocks;Mid cap;Financials;$7,875,568,166;3.89%;USA;Analyze
ORI;Old Republic International Corp;Common stocks;Mid cap;Financials;$7,874,774,027;3.11%;USA;Analyze
CHE;Chemed Corp;Common stocks;Mid cap;Health Care;$7,853,143,334;0.28%;USA;Analyze
WH;Wyndham Hotels & Resorts Inc;Common stocks;Mid cap;Consumer Discretionary;$7,849,302,337;0.76%;USA;Analyze
ATUS;Altice USA, Inc. Class A;Common stocks;Mid cap;Communication Services;$7,842,774,790;0.00%;USA;Analyze
FR;First Industrial Realty Trust, Inc;REITs;Mid cap;Real Estate;$7,817,617,620;1.74%;USA;Analyze
USFD;US Foods Holding Corp;Common stocks;Mid cap;Consumer Staples;$7,793,216,657;0.00%;USA;Analyze
AYI;Acuity Brands Inc;Common stocks;Mid cap;Industrials;$7,748,021,179;0.23%;USA;Analyze
BC;Brunswick Corp;Common stocks;Mid cap;Consumer Discretionary;$7,721,868,052;0.94%;USA;Analyze
TOL;Toll Brothers Inc;Common stocks;Mid cap;Consumer Discretionary;$7,685,211,380;0.98%;USA;Analyze
PNFP;Pinnacle Financial Partners Inc;Common stocks;Mid cap;Financials;$7,670,745,826;0.71%;USA;Analyze
DCI;Donaldson Inc;Common stocks;Mid cap;Industrials;$7,656,430,743;1.39%;USA;Analyze
STNE;Stoneco Ltd. - Class A;Common stocks;Mid cap;Information Technology;$7,591,106,616;0.00%;Brazil;Analyze
RGA;Reinsurance Group Of America Inc;Common stocks;Mid cap;Financials;$7,583,384,939;2.50%;USA;Analyze
STWD;Starwood Property Trust Inc;Mortgage REITs;Mid cap;Financials;$7,569,879,323;7.12%;USA;Analyze
HII;Huntington Ingalls Industries Inc;Common stocks;Mid cap;Industrials;$7,566,320,692;2.39%;USA;Analyze
NLSN;Nielsen Holdings Plc;Common stocks;Mid cap;Industrials;$7,562,601,203;1.13%;USA;Analyze
ACC;American Campus Communities, Inc;REITs;Mid cap;Real Estate;$7,554,815,669;3.41%;USA;Analyze
TSP;TuSimple Holdings Inc.;Common stocks;Mid cap;Industrials;$7,553,501,537;0.00%;USA;Analyze
HTA;Healthcare Trust of America, Inc;REITs;Mid cap;Real Estate;$7,539,412,802;3.70%;USA;Analyze
PLNT;Planet Fitness Inc Class A;Common stocks;Mid cap;Consumer Discretionary;$7,535,182,031;0.00%;USA;Analyze
BOKF;BOK Financial Corp;Common stocks;Mid cap;Financials;$7,519,190,153;1.89%;USA;Analyze
WWD;Woodward Inc;Common stocks;Mid cap;Industrials;$7,516,006,451;0.48%;USA;Analyze
SRPT;Sarepta Therapeutics Inc;Common stocks;Mid cap;Health Care;$7,497,322,640;0.00%;USA;Analyze
CASY;Caseys General Stores Inc;Common stocks;Mid cap;Consumer Staples;$7,456,809,401;0.68%;USA;Analyze
MRTX;Mirati Therapeutics Inc;Common stocks;Mid cap;Health Care;$7,447,061,919;0.00%;USA;Analyze
FCNCA;First Citizens Bancshares Inc Class A;Common stocks;Mid cap;Financials;$7,432,264,070;0.28%;USA;Analyze
AMG;Affiliated Managers Group Inc;Common stocks;Mid cap;Financials;$7,431,466,712;0.02%;USA;Analyze
GMED;Globus Medical Inc Class A;Common stocks;Mid cap;Health Care;$7,427,571,346;0.00%;USA;Analyze
AXTA;Axalta Coating Systems Ltd;Common stocks;Mid cap;Materials;$7,400,854,743;0.00%;USA;Analyze
VOYA;Voya Financial Inc;Common stocks;Mid cap;Financials;$7,376,707,097;0.97%;USA;Analyze
NTNX;Nutanix Inc Class A;Common stocks;Mid cap;Information Technology;$7,361,430,180;0.00%;USA;Analyze
PNW;Pinnacle West Corp;Common stocks;Mid cap;Utilities;$7,360,387,473;3.78%;USA;Analyze
HUN;Huntsman Corp;Common stocks;Mid cap;Materials;$7,343,275,795;2.06%;USA;Analyze
BRX;Brixmor Property Group Inc;REITs;Mid cap;Real Estate;$7,329,674,823;3.44%;USA;Analyze
CFX;Colfax Corp;Common stocks;Mid cap;Industrials;$7,266,541,028;0.00%;USA;Analyze
PII;Polaris Industries Inc;Common stocks;Mid cap;Consumer Discretionary;$7,261,179,521;2.08%;USA;Analyze
WU;Western Union;Common stocks;Mid cap;Information Technology;$7,236,119,664;5.09%;USA;Analyze
SNV;Synovus Financial Corp;Common stocks;Mid cap;Financials;$7,217,341,632;3.30%;USA;Analyze
COR;CoreSite Realty Corporation;REITs;Mid cap;Real Estate;$7,201,134,683;3.81%;USA;Analyze
X;United States Steel Corporation;Common stocks;Mid cap;Materials;$7,193,596,151;0.30%;USA;Analyze
IAA;IAA, Inc.;Common stocks;Mid cap;Industrials;$7,191,346,886;0.00%;USA;Analyze
IBKR;Interactive Brokers Group Inc;Common stocks;Mid cap;Financials;$7,183,096,856;0.41%;USA;Analyze
RNR;Renaissancere Holding Ltd;Common stocks;Mid cap;Financials;$7,179,101,592;0.91%;USA;Analyze
PB;Prosperity Bancshares Inc;Common stocks;Mid cap;Financials;$7,147,392,260;2.50%;USA;Analyze
OMF;Onemain Holdings Inc;Common stocks;Mid cap;Financials;$7,139,209,416;4.61%;USA;Analyze
VAC;Marriott Vacations Worldwide Corp;Common stocks;Mid cap;Consumer Discretionary;$7,135,525,791;0.32%;USA;Analyze
ALK;Alaska Air Group Inc;Common stocks;Mid cap;Industrials;$7,118,899,049;0.00%;USA;Analyze
MTZ;Mastec Inc;Common stocks;Mid cap;Industrials;$7,111,604,639;0.00%;USA;Analyze
PPC;Pilgrims Pride Corp;Common stocks;Mid cap;Consumer Staples;$7,081,210,669;0.00%;USA;Analyze
BYD;Boyd Gaming Corp;Common stocks;Mid cap;Consumer Discretionary;$7,011,488,522;0.11%;USA;Analyze
RGLD;Royal Gold Inc;Common stocks;Mid cap;Materials;$6,974,618,542;1.12%;USA;Analyze
NXST;Nexstar Media Group Inc;Common stocks;Mid cap;Communication Services;$6,951,509,950;1.64%;USA;Analyze
NVST;Envista Holdings Corporation;Common stocks;Mid cap;Health Care;$6,917,861,122;0.00%;USA;Analyze
BEPC;Brookfield Renewable Corporation Class A;Common stocks;Mid cap;Utilities;$6,896,793,870;3.33%;Canada;Analyze
COLM;Columbia Sportswear;Common stocks;Mid cap;Consumer Discretionary;$6,887,577,720;0.74%;USA;Analyze
OGE;OGE Energy Corp;Common stocks;Mid cap;Utilities;$6,881,994,531;4.62%;USA;Analyze
OHI;Omega Healthcare Investors, Inc;REITs;Mid cap;Real Estate;$6,877,675,231;9.04%;USA;Analyze
CVAC;CureVac N.V.;Common stocks;Mid cap;Health Care;$6,824,211,155;0.00%;Germany;Analyze
ADT;ADT Inc.;Common stocks;Mid cap;Industrials;$6,818,829,874;1.57%;USA;Analyze
LSTR;Landstar System Inc;Common stocks;Mid cap;Industrials;$6,762,749,672;0.52%;USA;Analyze
POST;Post Holdings Inc;Common stocks;Mid cap;Consumer Staples;$6,745,325,218;0.00%;USA;Analyze
BPOP;Popular Inc;Common stocks;Mid cap;Financials;$6,724,776,496;2.00%;USA;Analyze
WEX;Wex Inc;Common stocks;Mid cap;Information Technology;$6,723,229,935;0.00%;USA;Analyze
NCNO;nCino, Inc.;Common stocks;Mid cap;Information Technology;$6,670,223,775;0.00%;USA;Analyze
CHNG;Change Healthcare Inc.;Common stocks;Mid cap;Health Care;$6,656,653,899;0.00%;USA;Analyze
INGR;Ingredion Inc;Common stocks;Mid cap;Consumer Staples;$6,614,337,000;2.56%;USA;Analyze
CACI;CACI International Inc;Common stocks;Mid cap;Industrials;$6,591,995,864;0.00%;USA;Analyze
LITE;Lumentum Holdings Inc;Common stocks;Mid cap;Information Technology;$6,590,868,000;0.00%;USA;Analyze
EXP;Eagle Materials Inc;Common stocks;Mid cap;Materials;$6,491,966,127;0.31%;USA;Analyze
PRI;Primerica Inc;Common stocks;Mid cap;Financials;$6,436,846,528;1.11%;USA;Analyze
SHC;Sotera Health Co;Common stocks;Mid cap;Health Care;$6,436,359,680;0.00%;USA;Analyze
COHR;Coherent Inc;Common stocks;Mid cap;Information Technology;$6,389,705,782;0.00%;USA;Analyze
SKX;Skechers USA Inc;Common stocks;Mid cap;Consumer Discretionary;$6,388,988,509;0.00%;USA;Analyze
DEI;Douglas Emmett, Inc;REITs;Mid cap;Real Estate;$6,378,908,103;3.04%;USA;Analyze
EHC;Encompass Health Corp;Common stocks;Mid cap;Health Care;$6,372,494,241;1.31%;USA;Analyze
VVV;Valvoline Inc;Common stocks;Mid cap;Materials;$6,371,813,900;1.41%;USA;Analyze
AZEK;The AZEK Company Inc. Class A;Common stocks;Mid cap;Industrials;$6,371,756,407;0.00%;USA;Analyze
GPK;Graphic Packaging Holding;Common stocks;Mid cap;Materials;$6,326,241,893;1.45%;USA;Analyze
CERT;Certara, Inc.;Common stocks;Mid cap;Health Care;$6,288,178,119;0.00%;USA;Analyze
EEFT;Euronet Worldwide Inc;Common stocks;Mid cap;Information Technology;$6,271,895,689;0.00%;USA;Analyze
ESI;Element Solutions Inc.;Common stocks;Mid cap;Materials;$6,259,361,037;0.87%;USA;Analyze
CR;Crane;Common stocks;Mid cap;Industrials;$6,256,194,661;1.60%;USA;Analyze
REYN;Reynolds Consumer Products Inc.;Common stocks;Mid cap;Consumer Staples;$6,246,666,856;3.02%;USA;Analyze
HBI;Hanesbrands Inc;Common stocks;Mid cap;Consumer Discretionary;$6,233,300,557;3.32%;USA;Analyze
ALGM;Allegro MicroSystems, Inc.;Common stocks;Mid cap;Information Technology;$6,208,964,461;0.00%;USA;Analyze
THO;Thor Industries Inc;Common stocks;Mid cap;Consumer Discretionary;$6,208,216,603;1.47%;USA;Analyze
NVT;Nvent Electric Plc;Common stocks;Mid cap;Industrials;$6,189,457,110;1.89%;USA;Analyze
ASH;Ashland Global Inc;Common stocks;Mid cap;Materials;$6,151,794,264;1.13%;USA;Analyze
MSA;MSA Safety Inc;Common stocks;Mid cap;Industrials;$6,075,580,409;0.84%;USA;Analyze
SRC;Spirit Realty Capital, Inc;REITs;Mid cap;Real Estate;$6,054,792,818;5.02%;USA;Analyze
SON;Sonoco Products;Common stocks;Mid cap;Materials;$6,050,017,731;2.89%;USA;Analyze
EVR;Evercore Inc. Class A;Common stocks;Mid cap;Financials;$6,023,787,029;1.27%;USA;Analyze
CUZ;Cousins Properties Incorporated;REITs;Mid cap;Real Estate;$5,953,468,961;3.03%;USA;Analyze
FSLY;Fastly, Inc. Class A;Common stocks;Mid cap;Information Technology;$5,891,450,000;0.00%;USA;Analyze
AMED;Amedisys Inc;Common stocks;Mid cap;Health Care;$5,890,932,173;0.00%;USA;Analyze
MDU;MDU Resources Group Inc;Common stocks;Mid cap;Utilities;$5,880,618,517;2.90%;USA;Analyze
AMBP;Ardagh Metal Packaging S.A.;Common stocks;Mid cap;Materials;$5,875,977,365;0.00%;Luxembourg;Analyze
NYCB;New York Community Bancorp;Common stocks;Mid cap;Financials;$5,854,611,859;5.29%;USA;Analyze
LEG;Leggett & Platt Inc;Common stocks;Mid cap;Consumer Discretionary;$5,848,590,132;3.69%;USA;Analyze
NATI;National Instruments Corp;Common stocks;Mid cap;Information Technology;$5,813,349,832;3.00%;USA;Analyze
HOG;Harley Davidson Inc;Common stocks;Mid cap;Consumer Discretionary;$5,798,455,476;1.24%;USA;Analyze
OZK;Bank of the Ozarks;Common stocks;Mid cap;Financials;$5,794,368,256;2.35%;USA;Analyze
PRGO;Perrigo Plc;Common stocks;Mid cap;Health Care;$5,789,850,017;2.16%;USA;Analyze
LPX;Louisiana Pacific Corp;Common stocks;Mid cap;Materials;$5,780,008,052;1.03%;USA;Analyze
DLB;Dolby Laboratories Inc Class A;Common stocks;Mid cap;Information Technology;$5,777,152,664;0.99%;USA;Analyze
NCR;NCR Corp;Common stocks;Mid cap;Information Technology;$5,756,520,000;0.00%;USA;Analyze
CLH;Clean Harbors Inc;Common stocks;Mid cap;Industrials;$5,755,713,630;0.00%;USA;Analyze
ACHC;Acadia Healthcare Company Inc;Common stocks;Mid cap;Health Care;$5,750,483,287;0.00%;USA;Analyze
IART;Integra Lifesciences Holdings Corp;Common stocks;Mid cap;Health Care;$5,749,404,707;0.00%;USA;Analyze
PACW;Pacwest Bancorp;Common stocks;Mid cap;Financials;$5,749,150,571;2.02%;USA;Analyze
HAYW;Hayward Holdings, Inc.;Common stocks;Mid cap;Consumer Discretionary;$5,748,567,403;0.00%;USA;Analyze
SRCL;Stericycle Inc;Common stocks;Mid cap;Industrials;$5,747,869,349;0.00%;USA;Analyze
TKR;Timken;Common stocks;Mid cap;Industrials;$5,727,394,968;1.55%;USA;Analyze
TFSL;TFS Financial Corp;Common stocks;Mid cap;Financials;$5,677,020,708;5.44%;USA;Analyze
NFE;New Fortress Energy LLC - Class A;Common stocks;Mid cap;Energy;$5,653,572,404;1.46%;USA;Analyze
NCLH;Norwegian Cruise Line Holdings Ltd;Common stocks;Mid cap;Consumer Discretionary;$5,651,870,000;0.00%;USA;Analyze
EXEL;Exelixis Inc;Common stocks;Mid cap;Health Care;$5,644,528,902;0.00%;USA;Analyze
FL;Foot Locker Inc;Common stocks;Mid cap;Consumer Discretionary;$5,591,081,591;1.57%;USA;Analyze
QDEL;Quidel Corp;Common stocks;Mid cap;Health Care;$5,586,903,713;0.00%;USA;Analyze
RARE;Ultragenyx Pharmaceutical Inc;Common stocks;Mid cap;Health Care;$5,579,759,739;0.00%;USA;Analyze
VNT;Vontier Corporation;Common stocks;Mid cap;Information Technology;$5,572,204,647;0.15%;USA;Analyze
WOOF;Petco Health and Wellness Company, Inc. - Class A;Common stocks;Mid cap;Consumer Discretionary;$5,571,701,798;0.00%;USA;Analyze
MAN;Manpower Inc;Common stocks;Mid cap;Industrials;$5,553,622,644;2.36%;USA;Analyze
DV;DoubleVerify Holdings, Inc.;Common stocks;Mid cap;Information Technology;$5,501,568,198;0.00%;USA;Analyze
NFG;National Fuel Gas;Common stocks;Mid cap;Utilities;$5,499,135,398;2.95%;USA;Analyze
HFC;HollyFrontier Corp;Common stocks;Mid cap;Energy;$5,476,123,120;2.07%;USA;Analyze
MDLA;Medallia, Inc.;Common stocks;Mid cap;Information Technology;$5,470,921,292;0.00%;USA;Analyze
JWN;Nordstrom Inc;Common stocks;Mid cap;Consumer Discretionary;$5,463,768,236;0.00%;USA;Analyze
NOV;National Oilwell Varco Inc;Common stocks;Mid cap;Energy;$5,461,871,839;0.00%;USA;Analyze
PYCR;Paycor HCM Inc;Common stocks;Mid cap;Information Technology;$5,459,655,964;0.00%;USA;Analyze
LAZ;Lazard, LTD.;Common stocks;Mid cap;Financials;$5,455,623,483;2.89%;USA;Analyze
AL;Air Lease Corp;Common stocks;Mid cap;Industrials;$5,444,026,475;1.33%;USA;Analyze
MCW;Mister Car Wash, Inc.;Common stocks;Mid cap;Consumer Discretionary;$5,432,939,532;0.00%;USA;Analyze
SLM;Sallie Mae;Common stocks;Mid cap;Financials;$5,423,782,030;0.65%;USA;Analyze
VMI;Valmont Inds Inc;Common stocks;Mid cap;Industrials;$5,420,656,849;0.76%;USA;Analyze
FLO;Flowers Foods Inc;Common stocks;Mid cap;Consumer Staples;$5,399,730,876;3.17%;USA;Analyze
RYN;Rayonier Inc;REITs;Mid cap;Real Estate;$5,390,135,576;2.80%;USA;Analyze
UNM;Unum Group;Common stocks;Mid cap;Financials;$5,364,854,776;4.39%;USA;Analyze
NRZ;New Residential Investment Corp;Mortgage REITs;Mid cap;Financials;$5,328,342,686;7.23%;USA;Analyze
WTFC;Wintrust Financial Corp;Common stocks;Mid cap;Financials;$5,316,502,104;1.32%;USA;Analyze
TDC;Teradata Corp;Common stocks;Mid cap;Information Technology;$5,308,905,000;0.00%;USA;Analyze
AWI;Armstrong World Industries Inc;Common stocks;Mid cap;Industrials;$5,303,037,589;0.77%;USA;Analyze
WBS;Webster Financial Corp;Common stocks;Mid cap;Financials;$5,301,248,968;2.70%;USA;Analyze
DRVN;Driven Brands Holdings Inc.;Common stocks;Mid cap;Industrials;$5,292,548,802;0.00%;USA;Analyze
CC;Chemours Company;Common stocks;Mid cap;Materials;$5,278,301,802;3.05%;USA;Analyze
FRPT;Freshpet Inc;Common stocks;Mid cap;Consumer Staples;$5,232,458,224;0.00%;USA;Analyze
EVBG;Everbridge Inc;Common stocks;Mid cap;Information Technology;$5,215,915,327;0.00%;USA;Analyze
CW;Curtiss Wright Corp;Common stocks;Mid cap;Industrials;$5,195,729,471;0.40%;USA;Analyze
STL;Sterling Bancorp;Common stocks;Mid cap;Financials;$5,193,285,671;1.03%;USA;Analyze
HXL;Hexcel Corp;Common stocks;Mid cap;Industrials;$5,188,027,655;0.00%;USA;Analyze
BYND;Beyond Meat, Inc.;Common stocks;Mid cap;Consumer Staples;$5,182,436,925;0.00%;USA;Analyze
IDA;IDACORP, Inc.;Common stocks;Mid cap;Utilities;$5,167,835,802;2.79%;USA;Analyze
SLG;SL Green Realty Corp;REITs;Mid cap;Real Estate;$5,148,630,320;4.61%;USA;Analyze
ICUI;ICU Medical Inc;Common stocks;Mid cap;Health Care;$5,146,238,534;0.00%;USA;Analyze
HHC;Howard Hughes Corp;Common stocks;Mid cap;Real Estate;$5,137,384,750;0.00%;USA;Analyze
SAIC;Science Applications International;Common stocks;Mid cap;Industrials;$5,108,422,813;2.07%;USA;Analyze
FIGS;FIGS, Inc.;Common stocks;Mid cap;Health Care;$5,037,615,847;0.00%;USA;Analyze
GTES;Gates Industrial Corporation Plc;Common stocks;Mid cap;Industrials;$5,027,124,265;0.00%;USA;Analyze
CDK;CDK Global Inc;Common stocks;Mid cap;Information Technology;$5,016,217,683;1.41%;USA;Analyze
MTG;MGIC Investment Corp;Common stocks;Mid cap;Financials;$5,013,973,349;1.81%;USA;Analyze
FCN;FTI Consulting Inc;Common stocks;Mid cap;Industrials;$4,984,171,563;0.00%;USA;Analyze
PINC;Premier Inc Class A;Common stocks;Mid cap;Health Care;$4,982,868,853;1.87%;USA;Analyze
SPCE;Virgin Galactic Holdings, Inc.;Common stocks;Mid cap;Industrials;$4,971,876,036;0.00%;USA;Analyze
HIW;Highwoods Properties, Inc;REITs;Mid cap;Real Estate;$4,931,055,849;4.04%;USA;Analyze
TMX;Terminix Global Holdings, Inc.;Common stocks;Mid cap;Consumer Discretionary;$4,918,644,081;0.00%;USA;Analyze
JAMF;Jamf Holding Corp.;Common stocks;Mid cap;Information Technology;$4,898,012,930;2.88%;USA;Analyze
JBLU;Jetblue Airways Corp;Common stocks;Mid cap;Industrials;$4,894,489,703;0.00%;USA;Analyze
UNVR;Univar Solutions, Inc.;Common stocks;Mid cap;Industrials;$4,844,942,975;0.00%;USA;Analyze
WEN;Wendys;Common stocks;Mid cap;Consumer Discretionary;$4,821,125,698;1.75%;USA;Analyze
BWXT;BWX Technologies Inc;Common stocks;Mid cap;Industrials;$4,800,957,255;1.57%;USA;Analyze
TNL;Travel & Leisure Co.;Common stocks;Mid cap;Consumer Discretionary;$4,796,224,792;2.69%;USA;Analyze
SAM;Boston Beer Inc Class A;Common stocks;Mid cap;Consumer Staples;$4,778,559,318;0.00%;USA;Analyze
ADPT;Adaptive Biotechnologies Corporation;Common stocks;Mid cap;Health Care;$4,763,199,735;0.00%;USA;Analyze
IONS;Ionis Pharmaceuticals Inc;Common stocks;Mid cap;Health Care;$4,739,008,103;0.00%;USA;Analyze
DTM;DT Midstream, Inc.;Common stocks;Mid cap;Energy;$4,722,478,990;1.23%;USA;Analyze
SPR;Spirit Aerosystems Inc;Common stocks;Mid cap;Industrials;$4,699,816,113;0.09%;USA;Analyze
UMPQ;Umpqua Holdings Corp;Common stocks;Mid cap;Financials;$4,685,529,599;3.82%;USA;Analyze
PK;Park Hotels & Resorts Inc;REITs;Mid cap;Real Estate;$4,684,652,536;0.00%;USA;Analyze
CNM;Core & Main, Inc.;Common stocks;Mid cap;Industrials;$4,675,561,773;0.00%;USA;Analyze
R;Ryder System Inc;Common stocks;Mid cap;Industrials;$4,653,058,172;1.95%;USA;Analyze
HLF;Herbalife Ltd;Common stocks;Mid cap;Consumer Staples;$4,652,395,681;0.00%;USA;Analyze
SEB;Seaboard Corp;Common stocks;Mid cap;Consumer Staples;$4,650,231,575;0.22%;USA;Analyze
KD;Kyndryl Holdings, Inc.;Common stocks;Mid cap;Information Technology;$4,644,100,608;0.00%;USA;Analyze
SLGN;Silgan Holdings Inc;Common stocks;Mid cap;Materials;$4,636,125,516;1.28%;USA;Analyze
AI;C3.ai, Inc. Class A;Common stocks;Mid cap;Information Technology;$4,609,882,157;0.00%;USA;Analyze
CRUS;Cirrus Logic Inc;Common stocks;Mid cap;Information Technology;$4,569,169,039;0.00%;USA;Analyze
CRI;Carters Inc;Common stocks;Mid cap;Consumer Discretionary;$4,538,077,980;0.74%;USA;Analyze
LESL;Leslies, Inc.;Common stocks;Mid cap;Consumer Discretionary;$4,535,688,679;0.00%;USA;Analyze
THG;Hanover Insurance Group Inc;Common stocks;Mid cap;Financials;$4,501,612,218;2.20%;USA;Analyze
MNDT;Mandiant, Inc.;Common stocks;Mid cap;Information Technology;$4,489,630,799;0.00%;USA;Analyze
SKLZ;Skillz Inc. Class A;Common stocks;Mid cap;Communication Services;$4,481,851,503;0.00%;USA;Analyze
AXS;Axis Capital Holdings Ltd;Common stocks;Mid cap;Financials;$4,448,906,825;3.16%;USA;Analyze
VSCO;Victorias Secret & Co.;Common stocks;Mid cap;Consumer Discretionary;$4,446,953,957;0.00%;USA;Analyze
HE;Hawaiian Electric Industries Inc;Common stocks;Mid cap;Utilities;$4,388,838,015;3.32%;USA;Analyze
FLS;Flowserve Corp;Common stocks;Mid cap;Industrials;$4,365,269,789;2.37%;USA;Analyze
MCFE;McAfee Corp.;Common stocks;Mid cap;Information Technology;$4,330,655,402;1.50%;USA;Analyze
H;Hyatt Hotels Corp Class A;Common stocks;Mid cap;Consumer Discretionary;$4,327,913,785;0.00%;USA;Analyze
HRB;H&R Block Inc;Common stocks;Mid cap;Consumer Discretionary;$4,320,483,806;4.24%;USA;Analyze
DSEY;Diversey Holdings, Ltd.;Common stocks;Mid cap;Materials;$4,318,716,679;0.00%;USA;Analyze
AYX;Alteryx Inc Class A;Common stocks;Mid cap;Information Technology;$4,316,812,187;0.00%;USA;Analyze
BHF;Brighthouse Financial;Common stocks;Mid cap;Financials;$4,311,021,652;0.00%;USA;Analyze
OLLI;Ollies Bargain Outlet Holdings Inc;Common stocks;Mid cap;Consumer Discretionary;$4,310,957,394;0.00%;USA;Analyze
CHGG;Chegg Inc;Common stocks;Mid cap;Consumer Discretionary;$4,296,241,262;0.00%;USA;Analyze
MSP;Datto Holding Corp.;Common stocks;Mid cap;Information Technology;$4,173,764,131;8.90%;USA;Analyze
MRVI;Maravai LifeSciences Holdings, Inc;Common stocks;Mid cap;Health Care;$4,165,820,446;0.00%;USA;Analyze
HPP;Hudson Pacific Properties, Inc;REITs;Mid cap;Real Estate;$4,075,750,198;3.69%;USA;Analyze
LMND;Lemonade, Inc.;Common stocks;Mid cap;Financials;$4,053,519,033;0.00%;USA;Analyze
FNB;FNB Corp;Common stocks;Mid cap;Financials;$4,024,870,199;3.75%;USA;Analyze
SPB;Spectrum Brands Holdings Inc;Common stocks;Mid cap;Consumer Staples;$4,010,088,300;1.77%;USA;Analyze
DCT;Duck Creek Technologies;Common stocks;Mid cap;Information Technology;$4,008,934,108;0.00%;USA;Analyze
MSM;MSC Industrial Inc Class A;Common stocks;Mid cap;Industrials;$3,990,022,983;2.62%;USA;Analyze
ADS;Alliance Data Systems Corp;Common stocks;Mid cap;Information Technology;$3,986,791,529;0.90%;USA;Analyze
HAIN;Hain Celestial Group Inc;Common stocks;Mid cap;Consumer Staples;$3,986,608,328;0.00%;USA;Analyze
VSAT;Viasat Inc;Common stocks;Mid cap;Information Technology;$3,976,013,917;0.00%;USA;Analyze
QRTEA;Qurate Retail, Inc. Series A;Common stocks;Mid cap;Consumer Discretionary;$3,954,278,905;0.00%;USA;Analyze
AVT;Avnet Inc;Common stocks;Mid cap;Information Technology;$3,953,008,823;2.19%;USA;Analyze
JBGS;JBG Smith Properties;REITs;Mid cap;Real Estate;$3,950,135,050;2.92%;USA;Analyze
LZ;LegalZoom.com, Inc.;Common stocks;Mid cap;Industrials;$3,923,241,170;0.00%;USA;Analyze
KMPR;Kemper Corp;Common stocks;Mid cap;Financials;$3,878,386,064;2.01%;USA;Analyze
EPR;EPR Properties;REITs;Mid cap;Real Estate;$3,855,472,017;1.93%;USA;Analyze
MSGS;Madison Square Garden Sports Corp. Class A;Common stocks;Mid cap;Communication Services;$3,850,701,082;0.00%;USA;Analyze
TRIP;TripAdvisor Inc;Common stocks;Mid cap;Communication Services;$3,846,688,037;20.85%;USA;Analyze
VMEO;Vimeo, Inc.;Common stocks;Mid cap;Communication Services;$3,780,433,841;0.91%;USA;Analyze
ALSN;Allison Transmission Holdings Inc;Common stocks;Mid cap;Industrials;$3,777,349,655;2.03%;USA;Analyze
AGO;Assured Guaranty Ltd;Common stocks;Mid cap;Financials;$3,735,620,196;1.60%;USA;Analyze
FHB;First Hawaiian Inc;Common stocks;Mid cap;Financials;$3,698,403,711;3.57%;USA;Analyze
IOVA;Iovance Biotherapeutics Inc;Common stocks;Mid cap;Health Care;$3,687,129,273;0.00%;USA;Analyze
NEU;Newmarket Corp;Common stocks;Mid cap;Materials;$3,623,190,949;2.27%;USA;Analyze
XRX;Xerox Corp;Common stocks;Mid cap;Information Technology;$3,579,166,723;4.90%;USA;Analyze
SIX;Six Flags Entertainment Corp;Common stocks;Mid cap;Consumer Discretionary;$3,551,102,071;0.00%;USA;Analyze
BOH;Bank Of Hawaii Corp.;Common stocks;Mid cap;Financials;$3,527,484,154;3.06%;USA;Analyze
KEX;Kirby Corp;Common stocks;Mid cap;Industrials;$3,490,645,770;0.00%;USA;Analyze
SWCH;Switch, Inc. Class A;Common stocks;Mid cap;Information Technology;$3,408,039,124;0.85%;USA;Analyze
SHLS;Shoals Technologies Group, Inc.;Common stocks;Mid cap;Industrials;$3,402,206,584;0.00%;USA;Analyze
WTM;White Mountains Insurance Group Ltd;Common stocks;Mid cap;Financials;$3,401,330,821;0.09%;USA;Analyze
LOPE;Grand Canyon Education Inc;Common stocks;Mid cap;Consumer Discretionary;$3,212,701,153;0.00%;USA;Analyze
FOUR;Shift4 Payments, Inc. Class A;Common stocks;Mid cap;Information Technology;$3,171,728,921;0.00%;USA;Analyze
VIRT;Virtu Financial Inc Class A;Common stocks;Mid cap;Financials;$3,116,285,469;3.41%;USA;Analyze
FTDR;Frontdoor Inc;Common stocks;Mid cap;Consumer Discretionary;$3,096,839,135;0.00%;USA;Analyze
SABR;Sabre Corp;Common stocks;Mid cap;Information Technology;$3,050,012,956;0.00%;USA;Analyze
MCY;Mercury General Corp;Common stocks;Mid cap;Financials;$2,951,263,000;4.67%;USA;Analyze
MRCY;Mercury Systems Inc;Common stocks;Mid cap;Industrials;$2,896,166,337;0.00%;USA;Analyze
SGFY;Signify Health, Inc.;Common stocks;Mid cap;Health Care;$2,691,846,880;0.00%;USA;Analyze
SWI;Solarwinds Corporation;Common stocks;Mid cap;Information Technology;$2,624,988,201;3.68%;USA;Analyze
VRM;Vroom, Inc.;Common stocks;Mid cap;Consumer Discretionary;$2,545,116,913;0.00%;USA;Analyze
GO;Grocery Outlet Holding Corp.;Common stocks;Mid cap;Consumer Staples;$2,537,096,537;0.00%;USA;Analyze
NKTR;Nektar Therapeutics;Common stocks;Mid cap;Health Care;$2,500,749,030;0.00%;USA;Analyze
SAGE;Sage Therapeutics Inc;Common stocks;Mid cap;Health Care;$2,498,897,934;0.00%;USA;Analyze
WWE;World Wrestling Entertainment Inc;Common stocks;Mid cap;Communication Services;$2,494,373,945;0.86%;USA;Analyze
SNDR;Schneider National Inc Class B;Common stocks;Mid cap;Industrials;$2,458,402,705;1.05%;USA;Analyze
CPA;Copa Holdings SA Class A;Common stocks;Mid cap;Industrials;$2,427,606,934;0.00%;USA;Analyze
NABL;N-able, Inc.;Common stocks;Mid cap;Information Technology;$2,346,325,254;0.00%;USA;Analyze
RKT;Rocket Companies, Inc. Class A;Common stocks;Mid cap;Financials;$2,201,321,262;0.00%;USA;Analyze
COMM;Commscope Holding Inc;Common stocks;Mid cap;Information Technology;$2,024,540,070;0.00%;USA;Analyze
SLVM;Sylvamo Corporation;Common stocks;Small cap;Materials;$1,404,814,336;0.00%;USA;Analyze
LYLTV;Loyalty Ventures Inc. Common Stock When Issued;Common stocks;Small cap;Unknown;$1,143,900,032;0.00%;USA;Analyze
UWMC;UWM Holdings Corporation Class A;Common stocks;Small cap;Financials;$699,561,322;4.25%;USA;Analyze
PSFE;Paysafe Limited;Common stocks;Small cap;Information Technology;$622,022,183;0.00%;Bermuda;Analyze
GOCO;GoHealth, Inc. - Class A;Common stocks;Small cap;Financials;$515,829,416;0.00%;USA;Analyze
